Passport,"Afghanistan","Albania","Algeria","Andorra","Angola","Antigua and Barbuda","Argentina","Armenia","Australia","Austria","Azerbaijan","Bahamas","Bahrain","Bangladesh","Barbados","Belarus","Belgium","Belize","Benin","Bhutan","Bolivia","Bosnia and Herzegovina","Botswana","Brazil","Brunei","Bulgaria","Burkina Faso","Burundi","Cambodia","Cameroon","Canada","Cape Verde","Central African Republic","Chad","Chile","China","Colombia","Comoros","Congo","DR Congo","Costa Rica","Ivory Coast","Croatia","Cuba","Cyprus","Czech Republic","Denmark","Djibouti","Dominica","Dominican Republic","Ecuador","Egypt","El Salvador","Equatorial Guinea","Eritrea","Estonia","Swaziland","Ethiopia","Fiji","Finland","France","Gabon","Gambia","Georgia","Germany","Ghana","Greece","Grenada","Guatemala","Guinea","Guinea-Bissau","Guyana","Haiti","Honduras","Hong Kong","Hungary","Iceland","India","Indonesia","Iran","Iraq","Ireland","Israel","Italy","Jamaica","Japan","Jordan","Kazakhstan","Kenya","Kiribati","Kosovo","Kuwait","Kyrgyzstan","Laos","Latvia","Lebanon","Lesotho","Liberia","Libya","Liechtenstein","Lithuania","Luxembourg","Macao","Madagascar","Malawi","Malaysia","Maldives","Mali","Malta","Marshall Islands","Mauritania","Mauritius","Mexico","Micronesia","Moldova","Monaco","Mongolia","Montenegro","Morocco","Mozambique","Myanmar","Namibia","Nauru","Nepal","Netherlands","New Zealand","Nicaragua","Niger","Nigeria","North Korea","North Macedonia","Norway","Oman","Pakistan","Palau","Palestine","Panama","Papua New Guinea","Paraguay","Peru","Philippines","Poland","Portugal","Qatar","Romania","Russian Federation","Rwanda","Saint Kitts and Nevis","Saint Lucia","Samoa","San Marino","Sao Tome and Principe","Saudi Arabia","Senegal","Serbia","Seychelles","Sierra Leone","Singapore","Slovakia","Slovenia","Solomon Islands","Somalia","South Africa","South Korea","South Sudan","Spain","Sri Lanka","Saint Vincent and the Grenadines","Sudan","Suriname","Sweden","Switzerland","Syria","Taiwan","Tajikistan","Tanzania","Thailand","Timor-Leste","Togo","Tonga","Trinidad and Tobago","Tunisia","Turkey","Turkmenistan","Tuvalu","Uganda","Ukraine","United Arab Emirates","United Kingdom","United States","Uruguay","Uzbekistan","Vanuatu","Vatican","Venezuela","Viet Nam","Yemen","Zambia","Zimbabwe"
"Afghanistan",-1,0,0,0,0,0,0,0,0,0,0,0,0,1,0,0,0,0,0,0,1,0,0,0,0,0,0,0,1,0,0,1,0,0,0,0,0,1,0,0,0,2,0,0,0,0,0,1,3,0,0,0,0,0,0,0,0,1,0,0,0,1,0,0,0,0,0,0,0,0,1,0,3,0,0,0,0,0,0,0,0,0,0,0,0,0,0,0,0,0,0,0,0,0,0,0,1,0,0,0,0,0,1,1,0,0,1,0,0,0,1,0,0,3,0,0,0,0,0,1,0,0,0,0,0,0,0,0,0,0,0,0,0,0,1,0,0,0,0,0,0,0,0,1,0,0,1,0,0,1,0,0,0,0,0,1,0,0,0,0,0,1,0,0,0,0,0,3,0,0,0,0,0,0,0,0,0,1,1,0,0,0,0,0,1,1,0,0,0,0,0,0,0,0,0,0,0,0,0
"Albania",0,-1,0,3,0,3,0,3,0,3,1,0,0,1,3,3,3,0,0,0,1,3,0,3,0,3,0,0,1,0,0,1,0,0,3,0,3,1,0,0,0,2,3,1,3,3,3,1,3,3,3,1,3,0,0,3,0,1,0,3,3,1,3,3,3,0,3,0,0,0,1,0,3,0,3,3,3,2,3,1,0,0,3,3,1,0,0,0,1,0,3,0,1,1,3,0,1,0,0,3,3,3,3,1,1,3,1,0,3,0,1,1,0,3,3,3,0,3,0,1,1,0,0,1,3,0,0,0,0,0,3,3,1,0,1,3,0,0,0,0,0,3,3,1,3,0,1,0,0,1,3,0,0,0,3,1,0,3,3,3,0,1,0,3,0,3,2,3,0,1,3,3,0,0,0,1,0,1,1,0,3,0,3,0,1,1,3,0,0,0,0,1,0,3,0,0,0,1,1
"Algeria",0,0,-1,0,1,0,0,0,0,0,1,0,0,0,0,0,0,0,3,0,1,0,0,0,0,0,0,0,1,0,0,1,0,0,0,0,0,1,0,0,0,2,0,1,0,0,0,1,3,0,3,0,0,0,0,0,0,1,0,0,0,1,0,0,0,1,0,0,0,3,1,0,3,0,3,0,0,0,3,1,0,0,0,0,0,0,1,0,1,0,0,0,0,0,0,1,1,0,0,0,0,0,1,1,0,3,1,3,0,0,3,1,0,3,0,0,0,0,3,1,1,0,0,1,0,0,1,0,0,0,0,0,0,0,1,3,0,0,0,0,0,0,0,1,0,0,1,0,0,1,0,0,0,1,0,1,0,0,0,0,0,1,0,0,0,0,2,3,0,0,0,0,3,0,1,1,0,1,1,0,0,3,1,0,1,1,0,0,0,0,0,1,0,0,0,0,1,0,1
"Andorra",0,3,0,-1,0,3,3,3,2,3,1,3,1,1,0,3,3,3,0,0,3,3,0,3,0,3,0,0,1,0,2,3,0,0,3,0,3,1,0,0,3,2,3,1,3,3,3,1,3,3,3,1,3,0,0,3,3,1,0,3,3,1,3,3,3,0,3,0,3,0,1,0,3,3,3,3,3,2,3,1,0,3,3,3,1,3,1,0,1,0,3,1,3,1,3,1,1,0,0,3,3,3,3,1,1,3,1,0,3,1,1,1,3,3,3,3,0,3,3,1,0,0,0,1,3,3,3,0,0,0,3,3,1,0,1,3,3,1,3,3,3,3,3,3,3,0,1,0,3,1,3,3,0,1,3,1,0,3,3,3,1,1,3,3,0,3,2,3,0,1,3,3,0,3,1,1,3,1,1,0,0,3,3,0,1,1,3,3,3,2,3,3,3,3,3,1,0,1,1
"Angola",0,0,0,0,-1,0,0,0,0,0,0,0,0,1,0,0,0,0,3,0,1,0,3,0,0,0,0,0,1,0,0,3,0,0,0,0,0,1,0,0,0,2,0,1,0,0,0,1,3,0,3,0,0,0,0,0,0,1,0,0,0,1,0,0,0,1,0,0,0,0,1,0,3,0,0,0,0,2,3,1,0,0,0,0,0,0,0,0,1,0,0,0,0,1,0,0,1,0,0,0,0,0,1,1,0,0,1,0,0,0,1,3,0,3,0,0,0,0,0,3,0,3,0,1,0,0,1,0,0,0,0,0,0,1,1,0,3,0,0,0,3,0,0,1,0,0,1,0,0,1,0,3,0,0,0,1,0,3,0,0,0,1,3,0,0,0,2,3,0,1,0,0,0,0,0,1,0,1,1,0,0,3,0,0,1,3,0,0,0,0,0,1,0,0,0,0,0,3,3
"Antigua and Barbuda",0,3,0,3,0,-1,0,1,0,3,0,3,0,1,3,3,3,3,0,0,1,3,3,3,0,3,0,0,1,0,0,1,0,0,3,0,3,1,0,0,3,2,3,3,3,3,3,1,3,3,3,1,3,0,0,3,3,1,3,3,3,1,3,3,3,0,3,3,3,0,1,3,3,3,3,3,3,2,3,1,0,3,0,3,3,0,1,0,1,3,3,0,0,1,3,1,3,0,0,3,3,3,1,1,3,3,1,0,3,0,1,3,0,3,3,3,0,3,0,1,0,0,0,1,3,0,3,0,0,0,3,3,0,0,1,3,3,0,0,3,3,3,3,3,3,0,1,3,3,1,3,0,0,0,3,1,0,3,3,3,1,1,3,3,0,3,2,3,0,3,3,3,0,0,0,3,0,1,1,0,3,3,1,0,1,3,3,0,3,0,0,1,3,3,3,0,0,3,3
"Argentina",0,3,0,3,1,3,-1,3,0,3,1,3,1,1,3,3,3,3,0,0,3,3,3,3,0,3,1,0,1,0,0,1,0,0,3,0,3,1,0,0,3,2,3,1,3,3,3,1,3,3,3,1,3,0,0,3,3,1,3,3,3,1,0,3,3,0,3,3,3,0,1,3,3,3,3,3,3,2,3,1,0,3,3,3,3,3,1,3,1,0,3,0,3,1,3,1,1,0,0,3,3,3,1,1,1,3,1,0,3,1,1,3,3,3,3,3,3,3,3,1,1,0,0,1,3,3,3,0,0,0,3,3,1,1,1,3,3,1,3,3,3,3,3,3,3,3,1,3,3,1,3,0,0,1,3,1,0,3,3,3,1,1,3,3,0,3,2,3,0,3,3,3,0,0,1,1,3,1,1,0,3,3,3,0,1,1,3,3,3,0,3,3,3,3,3,1,0,1,1
"Armenia",0,3,0,0,0,3,3,-1,0,0,0,3,0,1,3,3,0,0,0,0,1,0,0,3,0,0,0,0,1,0,0,1,0,0,0,0,0,1,0,0,0,2,0,1,0,0,0,1,3,0,3,0,0,0,0,0,0,1,0,0,0,1,0,3,0,0,0,0,0,0,1,0,3,0,3,0,0,2,3,3,0,0,0,0,1,0,1,3,0,0,0,0,3,1,0,1,1,0,0,0,0,0,3,1,1,3,1,0,0,0,1,1,0,3,3,0,0,3,0,1,0,3,0,1,0,0,0,0,0,0,0,0,0,0,1,3,3,0,0,0,0,0,0,1,0,3,1,0,0,1,0,0,0,1,0,1,0,0,0,0,0,1,0,0,0,0,2,3,0,1,0,0,0,0,3,1,0,1,1,0,0,0,1,0,1,1,3,0,0,0,3,3,0,0,0,1,0,0,1
"Australia",0,3,0,3,1,3,3,3,-1,3,1,3,1,1,3,3,3,3,0,0,3,3,3,0,1,3,1,0,1,0,2,1,0,0,3,0,3,1,0,0,3,2,3,1,3,3,3,1,3,3,3,1,3,0,0,3,3,1,3,3,3,1,3,3,3,0,3,3,3,0,1,3,3,3,3,3,3,2,3,1,0,3,3,3,3,3,1,3,1,3,3,1,3,1,3,1,3,0,0,3,3,3,3,1,1,3,1,0,3,1,1,3,3,3,3,3,0,3,3,1,1,3,0,1,3,3,3,0,0,0,3,3,1,0,1,3,3,1,1,3,3,3,3,3,3,0,1,3,3,1,3,0,0,1,3,1,0,3,3,3,1,1,3,3,0,3,2,3,0,1,3,3,0,3,1,1,3,1,1,1,1,3,1,0,1,1,0,3,3,2,3,3,3,3,3,1,0,1,1
"Austria",0,3,0,3,1,3,3,3,2,-1,1,3,1,1,3,3,3,3,0,0,3,3,3,3,3,3,1,0,1,0,2,3,0,0,3,0,3,1,0,0,3,2,3,1,3,3,3,1,3,3,3,1,3,0,0,3,3,1,3,3,3,1,3,3,3,0,3,3,3,0,1,3,3,3,3,3,3,2,3,1,0,3,3,3,3,3,1,3,1,3,3,1,3,1,3,1,3,0,0,3,3,3,3,1,1,3,1,0,3,3,1,3,3,3,3,3,0,3,3,1,1,3,0,1,3,3,3,0,0,0,3,3,1,1,3,3,3,1,3,3,3,3,3,3,3,0,1,3,3,3,3,3,0,3,3,1,0,3,3,3,3,1,3,3,0,3,2,3,0,1,3,3,0,3,1,1,3,3,1,3,3,3,1,0,3,1,3,3,3,2,3,3,3,3,3,1,0,1,1
"Azerbaijan",0,3,0,0,0,3,0,0,0,0,-1,3,0,1,3,3,0,0,0,0,1,3,0,0,0,0,0,0,1,0,0,1,0,0,0,0,3,1,0,0,0,2,0,1,0,0,0,1,3,0,3,0,0,0,0,0,0,1,0,0,0,1,0,3,0,0,0,0,0,0,1,0,3,0,0,0,0,2,3,3,0,0,0,0,1,0,1,3,0,0,0,0,3,1,0,1,1,0,0,0,0,0,1,1,1,3,1,0,0,1,1,1,0,3,3,0,0,3,0,1,0,3,0,1,0,0,1,0,0,0,3,0,1,1,1,3,0,0,0,0,0,0,0,3,0,3,1,0,0,1,0,0,0,0,3,1,0,0,0,0,0,1,0,0,0,0,2,3,0,1,0,0,0,0,3,0,0,1,1,0,0,0,3,0,1,1,3,0,0,0,0,3,3,0,0,1,0,0,1
"Bahamas",0,3,0,3,0,3,0,1,0,3,1,-1,0,1,3,0,3,3,0,0,1,3,3,3,0,3,0,0,1,0,2,1,0,0,3,3,3,1,0,0,3,2,3,1,3,3,3,1,3,3,3,1,3,0,0,3,3,1,3,3,3,1,3,3,3,0,3,3,3,0,1,3,3,3,3,3,3,2,3,1,0,3,3,3,3,3,1,0,3,3,3,0,0,1,3,1,3,0,0,3,3,3,1,1,3,3,1,0,3,0,1,3,3,3,3,3,0,3,0,1,0,0,0,1,3,0,3,0,0,0,3,3,0,1,1,3,3,0,0,3,3,3,3,3,3,0,1,3,3,1,3,0,0,1,3,1,0,3,3,3,1,1,3,3,0,3,2,3,0,3,3,3,0,0,0,3,0,1,1,1,3,0,1,0,1,3,0,3,3,3,3,1,3,3,0,0,0,3,3
"Bahrain",0,3,0,0,0,0,0,1,0,0,1,3,-1,1,0,3,0,0,0,0,1,3,3,0,1,0,0,0,1,0,0,1,0,0,0,0,0,1,0,0,0,2,0,1,0,0,0,1,3,3,3,3,3,0,0,0,0,1,0,0,0,1,0,3,0,0,0,0,3,0,1,0,3,3,3,0,0,0,3,1,0,0,0,0,0,0,3,0,1,0,3,3,3,1,0,3,1,0,0,0,0,0,1,1,1,3,1,0,0,0,1,3,0,3,0,0,0,0,3,1,0,0,0,1,0,3,3,0,0,0,0,0,3,1,1,3,0,0,0,0,3,0,0,3,0,0,1,3,0,1,0,0,3,1,3,1,0,3,0,0,0,1,0,3,0,0,2,3,0,1,0,0,3,1,1,1,3,1,1,0,0,3,3,0,1,1,0,3,0,0,0,1,3,0,0,0,1,0,1
"Bangladesh",0,0,0,0,0,0,0,0,0,0,0,3,0,-1,3,0,0,0,0,3,1,0,0,0,0,0,0,0,1,0,0,1,0,0,0,0,0,1,0,0,0,2,0,0,0,0,0,1,3,0,0,0,0,0,0,0,0,1,3,0,0,1,3,0,0,0,0,3,0,0,1,0,3,0,0,0,0,0,3,0,0,0,0,0,3,0,0,0,1,0,0,0,0,0,0,0,3,0,0,0,0,0,0,1,0,1,1,0,0,0,1,0,0,3,0,0,0,0,0,1,1,0,0,1,0,0,0,0,0,0,0,0,0,0,0,0,0,0,0,0,0,0,0,1,0,0,1,3,0,1,0,0,0,0,0,1,0,0,0,0,0,1,0,0,0,0,2,3,0,1,0,0,0,0,0,0,0,1,1,0,3,0,0,0,1,1,0,0,0,0,0,1,3,0,0,0,0,0,0
"Barbados",0,3,0,3,0,3,3,1,0,3,1,3,0,3,-1,3,3,3,0,0,1,3,3,3,0,3,0,0,1,0,2,1,0,0,3,3,3,1,0,0,3,2,3,3,3,3,3,1,3,3,3,0,3,3,0,3,3,1,3,3,3,1,3,3,3,0,3,3,3,0,1,3,3,3,3,3,3,2,3,1,0,3,3,3,3,3,1,0,3,3,3,0,0,1,3,1,3,0,0,3,3,3,1,1,3,3,1,0,3,1,1,3,3,3,3,3,0,3,0,1,0,0,0,1,3,0,3,0,0,0,3,3,0,1,1,3,3,0,0,3,3,3,3,1,3,0,1,3,3,1,3,0,0,1,3,1,0,3,3,3,1,1,3,3,0,3,2,3,0,3,3,3,0,0,0,3,0,1,1,1,3,3,1,0,1,3,0,1,3,0,3,1,3,3,3,0,0,3,3
"Belarus",0,3,0,0,0,3,3,3,0,0,3,0,0,1,3,-1,0,0,0,0,1,0,0,3,0,0,0,0,1,0,0,1,0,0,0,3,0,1,0,0,0,2,0,3,0,0,0,1,3,0,3,0,0,0,0,0,0,1,0,0,0,1,3,3,0,0,0,0,0,0,1,0,3,0,3,0,0,0,3,1,0,0,3,0,1,0,1,3,1,0,0,0,3,1,0,1,1,0,0,0,0,0,3,1,1,3,1,0,0,0,1,1,0,3,3,0,3,3,0,1,1,3,0,1,0,0,3,0,0,0,0,0,1,0,1,3,3,0,0,3,0,0,0,3,0,3,1,0,0,1,0,0,0,0,3,1,0,0,0,0,0,1,0,0,0,0,2,3,0,1,0,0,0,0,3,1,0,1,1,0,0,0,3,0,1,1,3,0,0,0,0,3,3,0,3,3,0,1,1
"Belgium",0,3,0,3,1,3,3,3,2,3,1,3,1,1,3,3,-1,3,0,0,3,3,3,3,3,3,1,0,1,0,2,3,0,0,3,0,3,1,0,0,3,2,3,1,3,3,3,1,3,3,3,1,3,0,0,3,3,1,3,3,3,1,3,3,3,0,3,3,3,0,1,3,3,3,3,3,3,2,3,1,0,3,3,3,3,3,1,3,1,3,3,1,3,1,3,1,3,0,0,3,3,3,3,1,1,3,1,0,3,3,1,3,3,3,3,3,0,3,3,1,1,3,0,1,3,3,3,0,0,0,3,3,1,0,3,3,3,1,3,3,3,3,3,3,3,0,1,3,3,3,3,3,0,3,3,1,0,3,3,3,3,1,3,3,0,3,2,3,0,1,3,3,0,3,1,1,3,3,1,3,3,3,1,0,3,1,3,3,3,2,3,3,3,3,3,1,0,1,1
"Belize",0,0,0,0,0,3,0,1,0,0,0,3,0,1,3,0,0,-1,0,0,1,0,3,3,0,0,0,0,1,0,0,1,0,0,3,0,3,1,0,0,3,2,0,1,0,0,0,1,3,3,3,0,3,0,0,0,3,1,3,0,0,1,3,3,0,0,0,3,3,0,1,3,3,3,3,0,0,2,3,1,0,3,3,0,3,0,0,0,3,3,3,0,0,1,0,1,3,0,0,0,0,0,1,1,3,3,1,0,0,1,1,3,3,3,0,0,0,0,0,1,0,0,0,1,0,0,3,0,0,0,0,0,0,0,1,3,3,0,0,3,3,0,0,1,0,0,1,3,3,1,0,0,0,0,0,1,0,3,0,0,1,1,3,0,0,0,2,3,0,3,0,0,0,3,0,3,0,1,1,0,3,0,3,0,1,3,0,0,3,0,3,1,3,0,3,0,0,3,3
"Benin",0,0,0,0,0,0,0,0,0,0,0,0,0,1,0,0,0,0,-1,0,1,0,0,0,0,0,3,0,1,0,0,3,3,1,0,0,0,1,1,0,0,3,0,1,0,0,0,1,3,0,3,0,0,0,0,0,0,1,0,0,0,1,3,0,0,3,0,0,0,3,3,0,3,0,3,0,0,0,3,1,0,0,0,0,0,0,0,0,1,0,0,0,0,1,0,0,1,3,0,0,0,0,1,1,1,3,1,3,0,0,1,3,0,3,0,0,0,0,0,1,0,0,0,1,0,0,1,3,3,0,0,0,0,0,1,0,0,0,0,0,3,0,0,1,0,0,3,0,1,1,0,0,0,3,0,1,3,3,0,0,0,1,3,0,0,0,2,3,0,1,0,0,0,0,0,1,0,1,3,0,0,3,0,0,1,1,0,0,0,0,0,0,0,0,0,0,0,0,0
"Bhutan",0,0,0,0,0,0,0,1,0,0,0,0,0,3,0,0,0,0,0,-1,1,0,0,0,0,0,0,0,1,0,0,1,0,0,0,0,3,1,0,0,0,2,0,1,0,0,0,1,3,0,3,1,0,0,0,0,0,1,0,0,0,1,3,0,0,0,0,0,0,0,1,0,3,0,3,0,0,3,3,1,0,0,0,0,0,0,1,0,1,0,0,1,0,1,0,1,1,0,0,0,0,0,1,1,1,1,1,0,0,0,1,1,0,3,0,0,0,0,0,1,1,0,0,1,0,0,1,0,0,0,0,0,0,0,1,3,3,0,0,0,3,0,0,1,0,0,1,0,1,1,0,0,0,0,0,1,0,3,0,0,0,1,0,0,0,0,2,3,0,0,0,0,0,0,0,1,1,1,1,0,0,0,1,0,1,1,0,0,0,0,0,0,0,0,0,0,0,1,1
"Bolivia",0,0,0,0,0,0,3,1,0,0,1,3,1,1,0,0,0,3,0,0,-1,0,0,3,0,0,0,0,1,0,0,1,0,0,3,0,3,1,0,0,3,2,0,1,0,0,0,1,3,3,3,1,0,0,0,0,0,1,0,0,0,1,3,0,0,0,0,0,0,0,1,1,3,0,3,0,0,2,3,3,0,3,0,0,3,0,1,0,1,0,0,0,0,1,0,0,1,0,0,0,0,0,1,1,1,3,1,0,0,0,1,1,0,3,0,0,0,0,0,1,1,0,0,1,0,0,1,0,0,0,0,0,1,0,1,3,3,0,3,3,3,0,0,3,0,3,1,3,1,1,0,0,0,0,3,1,0,3,0,0,0,1,3,0,0,0,2,3,0,1,0,0,0,0,0,1,0,1,1,0,0,0,3,0,1,1,0,0,0,0,3,1,0,0,3,0,0,1,0
"Bosnia and Herzegovina",0,3,0,3,0,0,0,1,0,3,1,3,0,1,0,3,3,0,0,0,1,-1,0,3,0,3,0,0,1,0,0,1,0,0,3,3,3,1,0,0,0,2,3,3,3,3,3,1,3,3,3,0,0,0,0,3,3,1,0,3,3,1,3,3,3,0,3,0,0,0,1,0,3,0,3,3,3,2,3,1,0,0,0,3,1,0,1,0,1,0,0,0,3,1,3,0,1,0,0,3,3,3,3,1,1,3,1,0,3,0,1,1,0,3,3,3,0,3,0,1,1,0,0,1,3,0,0,0,0,0,3,3,1,0,1,3,3,0,0,0,0,3,3,1,3,3,1,0,3,1,3,0,0,0,3,1,0,3,3,3,0,1,0,3,0,3,2,3,0,1,3,3,0,0,0,1,0,1,1,0,3,3,3,0,1,1,3,0,0,0,0,3,0,3,0,1,0,1,1
"Botswana",0,0,0,0,3,3,0,0,0,0,0,3,0,3,3,0,0,3,3,0,1,0,-1,0,0,0,0,0,1,0,0,1,0,0,0,0,0,1,0,0,0,2,0,1,0,0,0,1,3,3,3,0,0,0,0,0,3,1,3,0,0,1,3,3,0,1,0,3,0,0,1,3,3,0,3,0,0,2,3,1,0,3,3,0,3,0,0,0,3,0,3,0,0,1,0,0,3,0,0,0,0,0,1,1,3,3,1,0,0,0,1,3,0,3,0,0,0,0,0,3,0,3,0,1,0,0,0,0,0,0,3,0,0,1,1,0,3,0,0,0,3,0,0,1,0,0,1,3,3,1,0,0,0,1,0,1,0,3,0,0,0,1,3,3,1,0,2,3,0,1,0,0,0,0,0,3,0,1,1,0,3,0,0,0,1,1,0,0,3,0,0,0,3,0,0,0,0,3,3
"Brazil",0,3,0,3,1,3,3,3,0,3,1,3,1,0,3,3,3,3,0,0,3,3,3,-1,0,3,1,0,1,0,0,1,0,0,3,0,3,1,0,0,3,2,3,1,3,3,3,1,3,3,3,1,3,0,0,3,3,1,3,3,3,1,0,3,3,0,3,3,3,0,1,3,3,3,3,3,3,2,3,1,0,3,3,3,3,0,1,3,1,0,3,0,3,1,3,1,1,0,0,3,3,3,3,1,1,3,1,0,3,1,1,3,3,3,3,3,3,3,3,1,1,3,0,1,3,3,3,0,0,0,3,3,1,0,1,3,3,1,3,3,3,3,3,3,3,3,1,3,3,1,3,3,0,1,3,1,0,3,3,3,1,1,3,3,0,3,2,3,0,3,3,3,0,0,1,1,3,1,1,1,3,3,3,0,1,1,3,3,3,0,3,3,3,3,3,1,0,1,1
"Brunei",0,3,0,3,0,3,0,1,2,3,1,3,1,1,3,0,3,3,0,0,1,3,3,0,-1,3,0,0,3,0,2,1,0,0,0,3,3,1,0,0,3,2,3,1,3,3,3,1,3,3,3,1,3,0,0,3,3,1,3,3,3,1,3,3,3,0,3,3,3,0,1,0,3,3,3,3,3,2,3,1,0,3,0,3,3,3,1,0,3,0,3,1,3,3,3,0,3,0,0,3,3,3,3,1,1,3,1,0,3,1,1,3,0,3,3,3,0,3,0,1,3,0,0,1,3,3,3,0,0,0,3,3,1,1,1,3,3,1,0,3,3,3,3,3,3,3,1,3,3,1,3,0,0,1,0,1,0,3,3,3,1,1,0,3,0,3,2,3,0,1,3,3,0,3,1,3,3,1,1,1,3,3,3,0,1,1,3,3,3,2,0,3,3,3,0,3,0,1,1
"Bulgaria",0,3,0,3,1,3,3,3,2,3,1,3,1,1,3,3,3,3,0,0,1,3,3,3,3,-1,0,0,1,0,2,3,0,0,3,0,3,1,0,0,3,2,3,1,3,3,3,1,3,3,3,1,3,0,0,3,0,1,3,3,3,1,3,3,3,0,3,3,3,0,1,0,3,3,3,3,3,2,3,1,0,3,3,3,1,3,1,3,1,3,3,1,1,1,3,1,1,0,0,3,3,3,3,1,1,3,1,0,3,3,1,3,3,3,3,3,0,3,3,1,1,0,0,1,3,3,3,0,0,0,3,3,1,0,3,3,3,1,3,3,3,3,3,3,3,0,1,3,3,3,3,3,0,3,3,1,0,3,3,3,3,1,0,3,0,3,2,3,0,1,3,3,0,3,1,1,1,3,1,3,3,3,3,0,3,1,3,3,3,0,3,3,3,3,3,1,0,1,1
"Burkina Faso",0,0,0,0,0,0,0,0,0,0,0,0,0,3,0,0,0,0,3,0,1,0,0,0,0,0,-1,0,1,0,0,3,3,3,0,0,0,1,1,0,0,3,0,1,0,0,0,1,3,0,3,0,0,0,0,0,0,1,0,0,0,1,3,0,0,3,0,0,0,3,3,0,3,0,3,0,0,0,3,1,0,0,0,0,0,0,0,0,1,0,0,0,0,1,0,0,1,3,0,0,0,0,1,1,0,0,1,3,0,0,1,1,0,3,0,0,0,0,0,1,0,0,0,1,0,0,1,3,3,0,0,0,0,0,1,0,0,0,0,0,3,0,0,1,0,0,1,0,1,1,0,0,0,3,0,1,3,3,0,0,0,1,0,0,0,0,2,3,0,1,0,0,0,1,0,1,0,1,3,0,0,3,0,0,1,1,0,0,0,0,0,0,0,0,0,0,0,0,0
"Burundi",0,0,0,0,0,0,0,0,0,0,0,0,0,1,0,0,0,0,3,0,1,0,0,0,0,0,0,-1,1,0,0,1,3,0,0,0,0,1,0,3,0,2,0,1,0,0,0,1,3,0,3,0,0,0,0,0,0,1,0,0,0,1,0,0,0,1,0,0,0,0,1,0,3,0,0,0,0,2,3,1,0,0,0,0,0,0,0,0,3,0,0,0,0,0,0,0,1,0,0,0,0,0,1,1,0,0,1,0,0,0,1,3,0,3,0,0,0,0,0,1,0,0,0,1,0,0,1,0,0,0,0,0,0,0,1,0,0,0,0,0,3,0,0,1,0,0,3,0,1,1,0,0,0,1,3,1,0,3,0,0,0,1,0,0,0,0,2,3,0,0,0,0,0,0,0,1,0,1,1,0,0,0,0,0,1,3,0,0,0,0,0,0,0,0,0,0,0,1,1
"Cambodia",0,0,0,0,0,0,0,1,0,0,0,0,0,1,0,0,0,0,0,0,1,0,0,0,3,0,0,0,-1,0,0,1,0,0,0,0,0,1,0,0,0,2,0,1,0,0,0,1,3,0,3,1,0,0,0,0,0,1,0,0,0,1,3,0,0,0,0,0,0,0,1,0,3,0,0,0,0,2,3,1,0,0,0,0,0,0,0,0,1,0,0,1,0,3,0,0,1,0,0,0,0,0,1,1,1,3,1,0,0,1,1,1,0,3,0,0,0,0,0,1,3,0,0,1,0,0,1,0,0,0,0,0,0,0,1,3,3,0,0,0,3,0,0,1,0,0,1,0,1,1,0,0,0,0,0,1,0,3,0,0,0,1,0,0,0,0,2,3,0,1,0,0,0,0,0,1,3,1,1,0,0,0,1,0,1,1,0,0,0,0,0,1,0,0,0,3,0,1,0
"Cameroon",0,0,0,0,0,0,0,0,0,0,0,0,0,1,0,0,0,0,3,0,1,0,0,0,0,0,0,0,1,-1,0,1,3,3,0,0,0,1,3,0,0,2,0,0,0,0,0,1,3,0,3,0,0,0,0,0,0,1,0,0,0,1,0,0,0,1,0,3,0,0,1,0,3,0,0,0,0,2,0,1,0,0,0,0,0,0,0,0,1,0,0,0,0,0,0,0,3,0,0,0,0,0,1,1,0,0,1,3,0,0,1,1,0,3,0,0,0,0,0,1,1,0,0,0,0,0,0,0,3,0,0,0,0,0,1,0,0,0,0,0,3,0,0,1,0,0,1,0,1,1,0,0,0,1,0,1,0,3,0,0,0,1,0,0,0,0,0,3,0,0,0,0,0,0,0,1,0,1,1,0,0,0,0,0,1,1,0,0,0,0,0,1,3,0,0,0,0,0,0
"Canada",0,3,0,3,1,3,3,1,2,3,1,3,1,1,3,3,3,3,0,0,3,3,3,0,3,3,1,0,1,0,-1,1,0,0,3,0,3,1,0,0,3,2,3,1,3,3,3,1,3,3,3,1,3,0,0,3,3,1,3,3,3,1,3,3,3,0,3,3,3,0,1,3,3,3,3,3,3,2,3,0,0,3,3,3,3,3,1,3,1,3,3,1,3,1,3,1,3,0,0,3,3,3,3,1,1,3,1,0,3,1,1,3,3,3,3,3,3,3,3,1,1,3,0,1,3,3,3,0,0,0,3,3,1,0,1,3,3,1,1,3,3,3,3,3,3,0,1,3,3,1,3,3,0,3,3,1,0,3,3,3,1,1,3,3,0,3,2,3,0,1,3,3,0,3,1,1,3,1,1,1,3,3,1,0,1,1,3,3,3,3,3,3,3,3,3,1,0,1,1
"Cape Verde",0,0,0,0,1,0,0,0,0,0,0,3,0,1,0,0,0,0,3,0,1,0,0,0,0,0,3,0,1,0,0,-1,0,0,0,0,0,1,0,0,0,3,0,1,0,0,0,1,3,0,3,0,0,0,0,0,0,1,0,0,0,1,3,0,0,3,0,0,0,3,3,0,3,0,3,0,0,2,3,1,0,0,0,0,0,0,1,0,1,0,0,0,0,1,0,0,1,3,0,0,0,0,3,1,1,3,1,3,0,1,1,3,0,3,0,0,0,0,0,1,0,0,0,1,0,0,1,3,3,0,0,0,0,0,1,3,3,0,0,0,3,0,0,1,0,0,1,0,1,1,0,3,0,3,0,1,3,3,0,0,0,1,3,0,0,0,2,3,0,1,0,0,0,0,0,1,0,1,3,0,0,3,0,0,1,1,0,0,0,0,0,1,0,0,0,0,0,1,1
"Central African Republic",0,0,0,0,0,0,0,0,0,0,0,0,0,1,0,0,0,0,3,0,1,0,0,0,0,0,3,0,1,3,0,1,-1,3,0,0,0,1,3,0,0,3,0,1,0,0,0,1,3,0,3,0,0,0,0,0,0,1,0,0,0,1,0,0,0,1,0,0,0,0,1,0,3,0,0,0,0,0,0,1,0,0,3,0,0,0,0,0,1,0,0,0,0,1,0,0,1,0,0,0,0,0,1,1,0,0,1,0,0,0,1,1,0,3,0,0,0,0,0,1,0,0,0,1,0,0,1,0,0,0,0,0,0,0,1,3,0,0,0,0,3,0,0,1,0,0,3,0,0,1,0,0,0,3,0,1,0,3,0,0,0,1,0,0,0,0,2,3,0,0,0,0,0,0,0,1,0,1,1,0,0,0,0,0,1,1,0,0,0,0,0,0,0,0,0,0,0,0,0
"Chad",0,0,0,0,0,0,0,0,0,0,0,0,0,1,0,0,0,0,3,0,1,0,0,0,0,0,1,0,1,3,0,1,3,-1,0,0,0,1,3,0,0,3,0,1,0,0,0,1,3,0,3,0,0,0,0,0,0,1,0,0,0,1,0,0,0,1,0,0,0,0,1,0,3,0,3,0,0,0,3,1,0,0,0,0,0,0,0,0,1,0,0,0,0,1,0,0,1,0,0,0,0,0,1,1,0,3,1,3,0,0,1,3,0,3,0,0,0,0,0,1,0,0,0,1,0,0,1,3,3,0,0,0,0,0,1,0,0,0,0,0,3,0,0,1,0,0,3,0,0,1,0,0,0,3,0,1,0,3,0,0,0,1,0,0,0,0,2,3,0,0,0,0,0,0,0,0,0,1,1,0,0,0,0,0,1,1,0,0,0,0,0,0,0,0,0,0,0,0,0
"Chile",0,3,0,3,1,3,3,1,0,3,1,3,1,1,3,3,3,3,0,0,3,3,3,3,0,3,0,0,1,0,2,1,0,0,-1,0,3,1,0,0,3,2,3,1,3,3,3,1,3,3,3,1,3,0,0,3,3,1,3,3,3,1,0,3,3,0,3,3,3,0,1,3,3,3,3,3,3,2,3,1,0,3,3,3,3,3,1,3,1,0,3,0,3,1,3,1,1,0,0,3,3,3,3,1,1,3,1,0,3,1,1,3,3,3,3,3,3,3,3,1,1,0,0,1,3,3,3,0,0,0,3,3,1,0,1,3,3,1,3,3,3,3,3,3,3,3,1,3,3,1,3,0,0,0,3,1,0,3,3,3,1,1,3,3,0,3,2,3,0,1,3,3,0,3,1,1,3,1,1,0,3,3,3,0,1,1,3,3,3,2,3,3,3,3,3,3,0,1,1
"China",0,3,0,0,1,3,0,1,0,0,1,3,1,1,3,3,0,0,0,0,1,3,0,0,1,0,0,0,1,0,0,1,0,0,0,-1,0,1,0,0,0,2,0,0,0,0,0,1,3,0,3,3,0,3,0,0,0,1,3,0,0,1,0,0,0,0,0,3,0,0,1,0,3,0,0,0,0,2,3,1,0,0,0,0,3,0,1,0,1,0,0,0,0,1,0,1,1,0,0,0,0,0,1,1,1,1,1,0,0,0,1,3,0,3,0,0,0,0,3,1,1,0,0,1,0,0,0,0,0,0,0,0,0,0,1,3,0,0,0,0,0,0,0,3,0,0,1,3,3,1,0,1,0,1,3,1,0,0,0,0,0,1,0,0,0,0,2,0,0,1,0,0,0,0,0,1,1,1,1,1,0,3,1,0,1,1,0,3,0,0,0,1,3,0,0,1,0,0,0
"Colombia",0,3,0,3,0,3,3,1,0,3,1,3,1,1,3,0,3,3,0,0,3,3,0,3,0,3,1,0,1,0,0,1,0,0,3,0,-1,1,0,0,0,2,3,1,3,3,3,1,3,3,3,1,3,0,0,3,0,1,3,3,3,1,0,3,3,0,3,0,3,0,1,3,0,3,3,3,3,2,0,0,0,0,3,3,3,0,0,0,1,0,3,0,0,1,3,0,1,0,0,3,3,3,1,1,0,0,1,0,3,1,1,1,3,3,3,3,0,3,0,1,1,0,0,1,3,0,1,0,0,0,3,3,1,0,1,3,3,0,3,3,3,3,3,3,3,3,1,3,0,1,3,0,0,0,3,1,0,3,3,3,0,1,0,3,0,3,2,3,0,1,3,3,0,1,0,1,0,1,1,0,3,0,3,0,1,1,0,0,0,0,3,1,0,3,3,1,0,1,0
"Comoros",0,0,0,0,0,0,0,0,0,0,0,0,0,1,0,0,0,0,3,0,1,0,0,0,0,0,1,0,1,0,0,1,0,0,0,0,0,-1,0,0,0,2,0,1,0,0,0,1,3,0,3,0,0,0,0,0,0,1,0,0,0,1,0,0,0,1,0,0,0,0,1,0,3,0,3,0,0,2,3,1,0,0,0,0,0,0,0,0,1,0,0,0,0,1,0,1,1,0,0,0,0,0,1,1,3,3,1,0,0,0,1,1,0,3,0,0,0,0,0,1,0,0,0,1,0,0,1,0,0,0,0,0,0,0,1,0,3,0,0,0,3,0,0,1,0,0,1,0,1,1,0,0,0,1,0,1,0,3,0,0,0,1,0,0,0,0,2,3,0,1,0,0,0,0,0,1,0,1,1,0,0,3,0,0,1,3,0,0,0,0,0,0,0,0,0,0,0,1,1
"Congo",0,0,0,0,0,0,0,0,0,0,0,0,0,1,0,0,0,0,3,0,1,0,0,0,0,0,0,0,1,3,0,1,3,3,0,0,0,1,-1,3,0,3,0,1,0,0,0,1,3,0,3,0,0,0,0,0,0,1,0,0,0,1,0,0,0,1,0,0,0,0,1,0,3,0,0,0,0,0,0,1,0,0,0,0,0,0,0,0,1,0,0,0,0,0,0,0,1,0,0,0,0,0,1,1,1,0,1,0,0,0,1,3,0,3,0,0,0,0,0,1,0,0,0,1,0,0,0,0,0,0,0,0,0,0,1,0,0,0,0,0,3,0,0,1,0,0,1,0,0,1,0,0,0,1,0,1,0,3,0,0,0,1,0,0,0,0,0,3,0,0,0,0,0,0,0,1,0,1,1,0,0,0,0,0,1,1,0,0,0,0,0,0,0,0,0,0,0,1,0
"DR Congo",0,0,0,0,0,0,0,0,0,0,0,0,0,1,0,0,0,0,3,0,1,0,0,0,0,0,1,3,1,0,0,1,3,0,0,0,0,1,0,-1,0,2,0,1,0,0,0,1,3,0,3,0,0,0,0,0,0,1,0,0,0,1,0,0,0,1,0,0,0,0,1,0,3,0,0,0,0,0,0,1,0,0,0,0,0,0,0,0,1,0,0,0,0,0,0,0,1,0,0,0,0,0,1,1,0,0,1,0,0,0,1,3,0,3,0,0,0,0,0,1,0,0,0,1,0,0,0,0,0,0,0,0,0,0,1,0,0,0,0,0,3,0,0,1,0,0,3,0,0,1,0,0,0,3,0,1,0,3,0,0,0,1,0,0,0,0,0,3,0,0,0,0,0,0,0,1,0,1,1,0,0,0,0,0,1,1,0,0,0,0,0,0,0,0,0,0,0,1,3
"Costa Rica",0,3,0,3,0,0,3,1,0,3,1,3,0,1,3,0,3,3,0,0,3,3,3,3,3,3,0,0,1,0,0,1,0,0,3,0,3,1,0,0,-1,2,3,1,3,3,3,1,3,3,3,1,3,0,0,3,0,1,0,3,3,1,0,3,3,0,3,3,3,0,1,3,3,3,3,3,3,2,3,1,0,3,3,3,3,3,1,0,1,0,3,0,0,1,3,1,1,0,0,3,3,3,1,1,1,3,1,0,3,1,1,1,3,3,3,3,0,3,0,1,1,0,0,1,3,0,3,0,0,0,3,3,0,1,1,3,3,0,3,3,3,3,3,3,3,0,1,3,3,1,3,0,0,1,3,1,0,3,3,3,0,1,3,3,0,3,2,3,0,1,3,3,0,0,0,1,0,1,1,0,3,3,3,0,1,1,0,1,3,0,3,1,0,3,3,0,0,1,1
"Ivory Coast",0,0,0,0,0,0,0,0,0,0,0,0,0,1,0,0,0,0,3,0,1,0,0,0,0,0,3,0,1,0,0,3,3,3,0,0,0,1,1,0,0,-1,0,1,0,0,0,1,3,0,3,0,0,0,0,0,0,1,0,0,0,1,3,0,0,3,0,0,0,3,3,0,3,0,0,0,0,2,3,1,0,0,0,0,0,0,0,0,1,0,0,0,0,0,0,1,1,3,0,0,0,0,1,1,1,0,1,3,0,0,3,1,0,3,0,0,0,0,3,1,1,0,0,1,0,0,1,3,3,0,0,0,0,0,1,0,0,0,0,0,3,0,0,1,0,0,1,0,1,1,0,0,0,3,0,1,3,3,0,0,0,1,0,0,0,0,0,3,0,0,0,0,0,0,0,1,0,1,3,0,0,3,0,0,1,1,0,0,0,0,0,1,0,0,0,0,0,0,0
"Croatia",0,3,0,3,1,3,3,3,2,3,1,3,1,1,3,3,3,3,0,0,3,3,3,3,3,3,0,0,1,0,2,3,0,0,3,0,3,1,0,0,3,2,-1,1,3,3,3,1,3,3,3,1,3,0,0,3,3,1,0,3,3,1,3,3,3,0,3,3,3,0,1,0,3,3,3,3,3,2,3,1,0,3,3,3,1,3,1,3,1,3,3,1,3,1,3,1,1,0,0,3,3,3,3,1,1,3,1,0,3,3,1,3,3,3,3,3,1,3,3,1,1,0,0,1,3,3,3,0,0,0,3,3,1,0,3,3,3,1,3,3,3,3,3,3,3,0,1,3,3,3,3,3,0,3,3,1,0,3,3,3,3,1,0,3,0,3,2,3,0,1,3,3,0,3,1,1,0,3,1,3,3,3,1,0,3,1,3,3,3,0,3,3,3,3,3,1,0,1,1
"Cuba",0,0,0,0,1,3,0,1,0,0,1,0,0,1,3,3,0,0,0,0,1,0,3,0,0,0,1,0,1,0,0,1,0,0,0,0,0,1,0,0,0,2,0,-1,0,0,0,1,3,0,0,1,0,0,0,0,0,1,0,0,0,1,3,0,0,0,0,3,0,3,1,3,0,0,0,0,0,2,3,1,0,0,0,0,0,0,0,0,1,0,0,0,3,1,0,0,1,0,0,0,0,0,1,1,0,3,1,0,0,1,1,1,0,3,0,0,3,3,0,1,0,3,0,1,0,0,0,0,0,0,3,0,0,0,1,3,0,0,0,0,0,0,0,3,0,3,1,3,3,1,0,0,0,0,3,1,0,3,0,0,0,1,0,0,0,0,2,3,0,1,0,0,0,0,1,1,0,1,1,0,3,0,0,0,1,1,0,0,0,0,0,1,3,0,0,1,0,1,1
"Cyprus",0,3,0,3,1,3,3,3,2,3,1,3,1,1,3,3,3,3,0,0,1,3,3,3,3,3,0,0,1,0,2,3,0,0,3,0,3,1,0,0,3,2,3,1,-1,3,3,1,3,3,3,1,3,0,0,3,3,1,3,3,3,1,3,3,3,0,3,3,3,0,1,0,3,3,3,3,3,2,3,1,0,3,3,3,3,3,1,3,3,3,3,1,1,1,3,1,1,0,0,3,3,3,3,1,1,3,1,0,3,3,1,3,3,3,3,3,1,3,3,1,1,0,0,1,3,3,3,0,0,0,3,3,1,0,3,3,3,1,3,3,3,3,3,3,3,0,1,3,3,3,3,3,0,3,3,1,0,3,3,3,3,1,3,3,0,3,2,3,0,1,3,3,0,3,1,3,1,3,1,3,3,0,1,0,3,3,3,3,3,0,3,3,3,3,3,1,0,3,3
"Czech Republic",0,3,0,3,1,3,3,3,2,3,1,3,1,1,3,3,3,3,0,0,3,3,3,3,3,3,1,0,1,0,2,3,0,0,3,0,3,1,0,0,3,2,3,1,3,-1,3,1,3,3,3,1,3,0,0,3,3,1,3,3,3,1,3,3,3,0,3,3,3,0,1,0,3,3,3,3,3,2,3,1,0,3,3,3,3,3,1,3,1,3,3,1,3,1,3,1,3,0,0,3,3,3,3,1,1,3,1,0,3,3,1,3,3,3,3,3,0,3,3,1,1,0,0,1,3,3,3,0,0,0,3,3,1,0,3,3,3,1,3,3,3,3,3,3,3,0,1,3,3,3,3,3,0,3,3,1,0,3,3,3,3,1,3,3,0,3,2,3,0,1,3,3,0,3,1,1,3,3,1,3,3,3,3,0,3,1,3,3,3,2,3,3,3,3,3,1,0,1,1
"Denmark",0,3,0,3,1,3,3,3,2,3,1,3,1,1,3,3,3,3,0,0,3,3,3,3,3,3,1,0,1,0,2,3,0,0,3,0,3,1,0,0,3,2,3,1,3,3,-1,1,3,3,3,1,3,0,0,3,3,1,3,3,3,1,3,3,3,0,3,3,3,0,1,3,3,3,3,3,3,2,3,1,0,3,3,3,3,3,1,3,1,3,3,1,3,1,3,1,3,0,0,3,3,3,3,1,1,3,1,0,3,3,1,3,3,3,3,3,1,3,3,1,1,3,0,1,3,3,3,0,0,0,3,3,1,0,3,3,3,1,3,3,3,3,3,3,3,0,1,3,3,3,3,3,0,3,3,1,0,3,3,3,3,1,3,3,0,3,2,3,0,1,3,3,0,3,1,1,3,3,1,3,3,3,3,0,3,1,3,3,3,2,3,3,3,3,3,3,0,1,1
"Djibouti",0,0,0,0,0,0,0,0,0,0,1,0,0,1,0,0,0,0,3,0,1,0,0,0,0,0,1,0,1,0,0,1,0,0,0,0,0,1,0,0,0,2,0,1,0,0,0,-1,3,0,3,0,0,0,0,0,0,3,0,0,0,1,0,0,0,1,0,0,0,0,1,0,3,0,3,0,0,2,0,1,0,0,0,0,0,0,0,0,1,0,0,0,0,1,0,1,1,0,0,0,0,0,1,1,0,0,1,0,0,0,1,1,0,3,0,0,0,0,0,1,0,0,0,1,0,0,1,0,0,0,0,0,0,0,1,0,0,0,0,0,3,0,0,1,0,0,1,0,1,1,0,0,0,3,0,1,0,3,0,0,0,1,0,0,0,0,2,3,0,1,0,0,0,0,0,0,0,1,1,0,0,0,0,0,1,1,0,0,0,0,0,0,0,0,0,0,0,1,0
"Dominica",0,0,0,3,0,3,0,1,0,3,0,3,0,1,3,3,3,3,0,0,1,3,3,3,0,3,0,0,1,0,0,1,0,0,0,0,3,1,0,0,3,2,3,3,3,3,3,1,-1,3,3,1,0,0,0,3,3,1,3,3,3,1,3,0,3,0,3,3,0,0,1,3,3,0,3,3,3,2,3,1,0,3,3,3,3,0,1,0,3,0,3,0,0,1,3,0,3,0,0,3,3,3,3,1,3,3,1,0,3,0,1,3,0,3,3,3,0,3,0,1,0,0,0,1,3,0,1,0,0,0,0,3,0,0,1,3,3,0,0,3,3,3,3,1,3,3,1,3,3,1,3,0,0,0,3,1,0,3,3,3,1,1,0,3,0,3,2,3,0,3,3,3,0,1,0,3,0,1,1,1,3,0,1,0,1,1,0,0,3,0,3,1,3,3,3,0,0,3,0
"Dominican Republic",0,0,0,0,0,0,0,1,0,0,0,0,0,1,0,0,0,3,0,0,1,0,3,0,0,0,0,0,1,0,0,1,0,0,0,0,3,1,0,0,0,2,0,1,0,0,0,1,0,-1,3,1,3,0,0,0,0,1,0,0,0,1,3,3,0,0,0,3,3,0,1,3,0,0,3,0,0,2,3,1,0,0,3,0,0,3,1,0,1,0,0,0,0,1,0,1,1,0,0,0,0,0,1,1,1,3,1,0,0,0,1,1,0,3,0,0,0,0,0,1,0,0,0,1,0,0,1,0,0,0,0,0,0,0,1,3,0,0,3,3,3,0,0,3,0,0,1,0,0,1,0,0,0,1,0,1,0,3,0,0,1,1,0,3,0,0,2,0,0,1,0,0,0,3,0,1,0,1,1,0,3,0,1,0,1,1,0,0,0,0,0,1,0,0,0,0,0,1,1
"Ecuador",0,0,0,0,0,0,3,1,0,0,1,3,1,1,0,3,0,3,0,0,3,0,0,3,0,0,0,0,1,0,0,1,0,0,3,3,3,1,0,0,0,2,0,1,0,0,0,1,3,3,-1,1,3,0,0,0,0,1,0,0,0,1,3,3,0,0,0,0,0,0,1,3,3,3,3,0,0,2,3,1,0,0,3,0,3,0,1,3,1,0,0,0,0,1,0,0,1,0,0,0,0,0,1,1,1,3,1,0,0,0,1,1,3,3,3,0,0,3,0,1,1,0,0,1,0,0,3,0,0,0,0,0,1,0,1,3,3,1,3,3,3,0,0,3,0,3,1,3,1,1,0,0,0,0,0,1,0,3,0,0,0,1,3,3,0,0,2,3,0,1,0,0,0,1,0,1,0,1,1,0,3,0,3,0,1,1,0,0,0,0,3,1,0,0,3,0,0,1,1
"Egypt",0,0,0,0,0,0,0,0,0,0,0,0,0,0,0,0,0,0,3,0,1,0,0,0,0,0,1,0,1,0,0,1,0,0,0,0,0,1,0,0,0,2,0,1,0,0,0,1,3,0,3,-1,0,0,0,0,0,1,0,0,0,1,0,0,0,1,0,0,0,3,1,0,3,0,3,0,0,0,3,3,0,0,0,0,0,0,3,0,1,0,0,0,0,1,0,1,1,0,0,0,0,0,3,1,0,3,1,0,0,1,1,3,0,3,0,0,0,0,0,1,1,0,0,1,0,0,1,0,0,0,0,0,0,0,1,3,0,0,0,0,0,0,0,1,0,0,1,3,0,1,0,0,0,1,0,1,0,0,0,0,0,1,0,0,0,0,0,3,0,1,0,0,0,0,1,1,0,1,1,0,0,0,0,0,1,1,0,0,0,0,0,1,0,0,0,0,1,0,1
"El Salvador",0,3,0,3,0,0,3,1,0,3,0,3,0,1,3,3,3,3,0,0,1,3,0,3,0,3,0,0,1,0,0,1,0,0,3,0,3,1,0,0,3,2,3,1,3,3,3,1,3,3,3,0,-1,0,0,3,0,1,0,3,3,1,0,3,3,0,3,0,3,0,1,0,3,3,3,3,3,2,3,1,0,3,3,3,3,3,1,0,1,0,3,0,0,1,3,0,1,0,0,3,3,3,1,1,1,3,1,0,3,0,1,1,0,3,3,3,0,3,0,1,0,0,0,1,3,0,3,0,0,0,3,3,0,0,1,3,3,0,3,0,3,3,3,1,3,3,1,3,1,1,3,0,0,1,0,1,0,3,3,3,0,1,0,3,0,3,2,3,0,1,3,3,0,0,0,1,0,1,1,0,3,0,3,0,1,1,0,1,3,0,3,1,0,3,0,0,0,1,1
"Equatorial Guinea",0,0,0,0,0,0,0,0,0,0,0,0,0,1,0,0,0,0,3,0,1,0,0,0,0,0,0,0,1,3,0,1,3,3,0,0,0,1,3,0,0,2,0,1,0,0,0,1,3,0,3,0,0,-1,0,0,0,1,0,0,0,1,0,0,0,1,0,0,0,0,1,0,3,0,3,0,0,0,0,1,0,0,0,0,0,0,0,0,1,0,0,0,0,1,0,0,1,0,0,0,0,0,1,1,1,0,1,0,0,0,1,1,0,3,0,0,0,0,0,1,0,0,0,1,0,0,1,0,0,0,0,0,0,0,1,3,0,0,0,0,3,0,0,1,0,0,1,0,1,1,0,3,0,1,0,1,0,3,0,0,0,1,0,0,0,0,2,3,0,0,0,0,0,0,0,0,0,1,1,0,0,3,0,0,1,1,0,0,0,0,0,0,0,0,0,0,0,0,1
"Eritrea",0,0,0,0,0,0,0,0,0,0,0,0,0,1,0,0,0,0,3,0,1,0,0,0,0,0,1,0,1,0,0,1,0,0,0,0,0,1,0,0,0,2,0,0,0,0,0,1,3,0,0,0,0,0,-1,0,0,1,0,0,0,1,0,0,0,1,0,0,0,0,1,0,3,0,0,0,0,2,0,1,0,0,0,0,0,0,0,0,0,0,0,0,0,1,0,0,1,0,0,0,0,0,1,1,0,0,1,0,0,0,1,1,0,3,0,0,0,0,0,1,1,0,0,1,0,0,0,0,0,0,0,0,0,0,1,0,0,0,0,0,3,0,0,1,0,0,1,0,0,1,0,0,0,0,0,1,0,3,0,0,0,1,0,0,0,0,2,3,0,0,0,0,0,0,0,0,0,1,1,0,0,0,0,0,1,3,0,0,0,0,0,0,0,0,0,0,0,1,0
"Estonia",0,3,0,3,1,3,3,3,2,3,1,3,1,1,3,3,3,3,0,0,3,3,3,3,3,3,1,0,1,0,2,3,0,0,3,0,3,1,0,0,3,2,3,1,3,3,3,1,3,3,3,1,3,0,0,-1,3,1,3,3,3,1,0,3,3,0,3,3,3,0,1,0,3,3,3,3,3,2,3,1,0,3,3,3,3,3,1,3,1,3,3,1,3,1,3,1,1,0,0,3,3,3,3,1,1,3,1,0,3,3,1,3,3,3,3,3,1,3,3,1,1,0,0,1,3,3,3,0,0,0,3,3,1,0,3,3,3,1,3,3,3,3,3,3,3,0,1,3,3,3,3,3,0,3,3,1,0,3,3,3,3,1,0,3,0,3,2,3,0,1,3,3,0,3,1,1,3,3,1,3,3,3,3,0,3,1,3,3,3,2,3,3,3,3,3,1,0,1,1
"Swaziland",0,0,0,0,1,3,0,0,0,0,0,3,0,1,3,0,0,3,3,0,1,0,3,0,0,0,0,0,1,0,0,1,0,0,0,0,0,1,0,0,0,2,0,1,0,0,0,1,3,0,3,0,0,0,0,0,-1,1,3,0,0,1,3,0,0,3,0,3,0,0,1,3,3,0,3,0,0,2,3,1,0,3,3,0,3,0,1,0,3,0,3,1,0,0,0,0,3,0,0,0,0,0,1,1,3,3,1,0,0,0,1,3,0,3,0,0,0,0,0,3,0,3,0,0,0,0,1,0,0,0,0,0,0,0,1,3,0,0,0,0,3,0,0,1,0,0,1,3,3,1,0,0,0,1,0,1,0,3,0,0,0,1,3,3,0,0,2,3,0,1,0,0,0,1,0,3,0,1,1,0,3,0,0,0,1,3,0,0,0,0,0,0,3,0,0,0,0,3,3
"Ethiopia",0,0,0,0,0,0,0,0,0,0,0,0,0,1,0,0,0,0,3,0,1,0,0,0,0,0,0,0,1,0,0,1,0,0,0,0,0,1,0,0,0,2,0,0,0,0,0,1,3,0,0,0,0,0,1,0,0,-1,0,0,0,1,0,0,0,1,0,0,0,0,1,0,3,0,0,0,0,0,0,1,0,0,0,0,0,0,0,0,3,0,0,0,0,1,0,0,1,0,0,0,0,0,1,1,0,0,1,0,0,0,1,1,0,3,0,0,0,0,0,1,0,0,0,0,0,0,1,0,0,0,0,0,0,0,1,0,0,0,0,0,3,0,0,1,0,0,1,0,1,1,0,0,0,1,0,1,0,3,0,0,0,1,0,0,0,0,2,3,0,1,0,0,0,0,0,0,1,1,1,0,0,0,0,0,1,1,0,0,0,0,0,0,0,0,0,0,0,0,1
"Fiji",0,0,0,0,0,3,3,1,0,0,0,3,0,3,3,0,0,3,0,0,1,0,0,3,0,0,0,0,1,0,0,1,0,0,3,3,3,1,0,0,3,2,0,1,0,0,0,1,3,3,3,1,3,0,0,0,0,1,-1,0,0,1,3,0,0,0,0,0,3,0,1,0,3,0,3,0,0,2,3,1,0,3,3,0,3,0,1,0,3,3,3,0,0,1,0,0,3,0,0,0,0,0,1,1,3,3,1,0,0,1,1,3,0,3,0,0,0,0,0,1,1,0,1,1,0,0,3,0,0,0,0,0,0,0,1,3,3,1,0,3,3,0,0,1,0,3,1,3,3,1,0,0,0,1,0,1,0,3,0,0,1,1,0,3,0,0,2,3,0,1,0,0,0,0,0,1,1,1,1,1,0,3,1,0,1,3,0,0,0,0,0,1,3,0,0,1,0,3,3
"Finland",0,3,0,3,1,3,3,3,2,3,1,3,1,1,3,3,3,3,0,0,3,3,3,3,3,3,1,0,1,0,2,3,0,0,3,0,3,1,0,0,3,2,3,1,3,3,3,1,3,3,3,1,3,0,0,3,3,1,3,-1,3,1,3,3,3,0,3,3,3,0,1,3,3,3,3,3,3,2,3,1,0,3,3,3,3,3,1,3,1,3,3,1,3,1,3,1,3,0,0,3,3,3,3,1,1,3,1,0,3,3,1,3,3,3,3,3,1,3,3,1,1,3,0,1,3,3,3,0,0,0,3,3,1,1,3,3,3,1,3,3,3,3,3,3,3,0,1,3,3,3,3,3,0,3,3,1,0,3,3,3,3,1,3,3,0,3,2,3,0,1,3,3,0,3,1,1,3,3,1,3,3,3,3,0,3,1,3,3,3,2,3,3,3,3,3,3,0,1,1
"France",0,3,0,3,1,3,3,3,2,3,1,3,1,1,3,3,3,3,0,0,3,3,3,3,3,3,1,0,1,0,2,3,0,0,3,0,3,1,0,0,3,2,3,1,3,3,3,1,3,3,3,1,3,0,0,3,3,1,3,3,-1,1,1,3,3,0,3,3,3,0,1,3,3,3,3,3,3,2,3,1,0,3,3,3,3,3,1,3,1,3,3,1,3,1,3,1,3,0,0,3,3,3,3,1,1,3,1,0,3,3,1,3,3,3,3,3,0,3,3,1,1,3,0,1,3,3,3,0,0,0,3,3,1,0,3,3,3,1,3,3,3,3,3,3,3,0,1,3,3,3,3,3,0,3,3,1,0,3,3,3,3,1,3,3,0,3,2,3,0,1,3,3,0,3,1,1,3,3,1,3,3,3,3,0,3,1,3,3,3,2,3,3,3,3,3,3,0,1,1
"Gabon",0,0,0,0,0,0,0,0,0,0,0,0,0,3,0,0,0,0,3,0,1,0,0,0,0,0,0,0,1,3,0,1,3,3,0,0,0,1,3,0,0,2,0,1,0,0,0,1,3,0,3,0,0,0,0,0,0,1,0,0,0,-1,0,0,0,1,0,0,0,0,1,0,3,0,3,0,0,2,3,1,0,0,0,0,0,0,0,0,1,0,0,0,0,1,0,0,1,0,0,0,0,0,1,1,1,3,1,0,0,0,1,3,0,3,0,0,0,0,3,1,0,0,0,1,0,0,1,0,0,0,0,0,0,0,1,0,3,0,0,0,3,0,0,1,0,0,1,0,1,1,0,3,0,1,0,1,0,3,0,0,0,1,3,0,0,0,0,3,0,1,0,0,0,0,0,1,0,1,1,0,0,3,0,0,1,1,0,0,0,0,0,1,0,0,0,0,0,0,0
"Gambia",0,0,0,0,0,0,0,0,0,0,0,3,0,3,3,0,0,3,3,0,1,0,3,0,0,0,3,0,1,0,0,3,0,0,0,0,0,1,0,0,0,3,0,1,0,0,0,1,3,0,3,0,0,0,0,0,3,1,3,0,0,1,-1,0,0,3,0,3,0,3,3,0,3,0,0,0,0,2,3,1,0,0,0,0,3,0,0,0,3,0,0,0,0,1,0,0,3,3,0,0,0,0,1,1,3,3,1,3,0,0,3,3,0,3,0,0,0,0,0,1,0,0,0,1,0,0,1,3,3,0,0,0,0,0,1,0,0,0,0,0,3,0,0,1,0,0,1,3,1,1,0,0,0,3,0,1,3,3,0,0,0,1,0,0,0,0,2,3,0,1,0,0,0,0,0,3,0,1,3,0,3,3,0,0,1,3,0,0,0,0,0,0,3,0,0,0,0,0,0
"Georgia",0,3,0,3,0,3,3,3,0,3,3,3,1,1,3,3,3,0,0,0,1,3,0,3,0,3,0,0,1,0,0,1,0,0,3,0,3,1,0,0,0,2,3,1,3,3,3,1,3,0,3,1,0,0,0,3,0,1,0,3,3,1,0,-1,3,0,3,0,0,0,1,0,3,0,0,3,3,2,3,3,0,0,3,3,1,0,1,3,1,0,0,1,3,1,3,1,1,0,0,3,3,3,1,1,1,3,1,0,3,1,1,3,0,3,3,3,0,3,0,1,1,0,0,1,3,0,1,0,0,0,0,3,1,0,1,3,3,0,0,0,0,3,3,3,3,0,1,0,3,1,3,0,0,0,3,1,0,0,3,3,0,1,0,0,0,3,2,3,0,1,3,3,0,0,3,0,1,1,1,0,0,0,3,3,1,1,3,0,0,0,3,3,0,3,0,1,0,1,1
"Germany",0,3,0,3,1,3,3,3,2,3,1,3,1,1,3,3,3,3,0,0,3,3,3,3,3,3,1,0,1,0,2,3,0,0,3,0,3,1,0,0,3,2,3,1,3,3,3,1,3,3,3,1,3,0,0,3,3,1,3,3,3,1,3,3,-1,0,3,3,3,0,1,3,3,3,3,3,3,2,3,1,0,3,3,3,3,3,1,3,1,3,3,1,3,1,3,1,3,0,0,3,3,3,3,1,1,3,1,0,3,3,1,3,3,3,3,3,3,3,3,1,1,3,0,1,3,3,3,0,0,0,3,3,1,1,3,3,3,1,3,3,3,3,3,3,3,0,1,3,3,3,3,3,0,3,3,1,0,3,3,3,3,1,3,3,0,3,2,3,0,1,3,3,0,3,1,1,3,3,1,3,3,3,3,0,3,1,3,3,3,2,3,3,3,3,3,3,0,1,1
"Ghana",0,0,0,0,0,0,0,0,0,0,0,0,0,3,3,0,0,3,3,0,1,0,0,0,0,0,3,0,1,0,0,3,0,0,0,0,0,1,0,0,0,3,0,0,0,0,0,1,3,0,3,0,0,0,0,0,3,1,3,0,0,1,3,0,0,-1,0,3,0,3,3,0,3,0,0,0,0,2,3,1,0,0,0,0,3,0,1,0,3,0,0,0,0,0,0,1,1,3,0,0,0,0,1,1,0,0,1,3,0,0,1,3,0,3,0,0,0,0,0,1,1,0,0,0,0,0,1,3,3,0,0,0,0,1,1,0,0,0,0,0,3,0,0,1,0,0,3,3,1,1,0,0,0,3,0,1,3,3,0,0,0,1,0,0,0,0,0,3,0,1,0,0,0,0,0,3,0,1,3,0,3,0,0,0,1,3,0,0,0,0,0,1,3,0,0,0,0,1,3
"Greece",0,3,0,3,1,3,3,3,2,3,1,3,1,1,3,3,3,3,0,0,3,3,3,3,3,3,1,0,1,0,2,3,0,0,3,0,3,1,0,0,3,2,3,1,3,3,3,1,3,3,3,1,3,0,0,3,3,1,3,3,3,1,3,3,3,0,-1,3,3,0,1,3,3,3,3,3,3,2,3,1,0,3,3,3,3,3,1,3,1,3,3,1,3,1,3,1,1,0,0,3,3,3,3,1,1,3,1,0,3,3,1,3,3,3,3,3,1,3,3,1,1,0,0,1,3,3,3,0,0,0,3,3,1,0,3,3,3,1,3,3,3,3,3,3,3,0,1,3,3,3,3,3,0,3,3,1,0,3,3,3,3,1,3,3,0,3,2,3,0,1,3,3,0,3,1,1,3,3,1,3,3,3,3,0,3,1,3,3,3,2,3,3,3,3,3,1,0,1,1
"Grenada",0,0,0,3,0,3,3,1,0,3,0,3,0,3,3,0,3,3,0,0,1,3,3,3,0,3,0,0,1,0,0,1,0,0,3,3,3,1,0,0,3,2,3,3,3,3,3,1,3,3,3,1,0,0,0,3,3,1,3,3,3,1,3,0,3,0,3,-1,0,0,1,3,3,0,3,3,3,2,3,1,0,3,3,3,3,0,1,0,3,3,3,0,0,1,3,0,3,0,0,3,3,3,3,1,3,3,1,0,3,0,1,3,0,3,3,3,0,3,0,1,0,0,0,1,3,0,1,0,0,0,0,3,0,0,1,3,3,0,0,3,3,3,3,1,3,3,1,3,3,1,3,0,0,1,3,1,0,3,3,3,1,1,0,3,0,3,2,3,0,3,3,3,0,0,0,3,0,1,1,0,3,0,1,0,1,3,0,0,3,0,3,1,3,3,3,0,0,3,3
"Guatemala",0,3,0,3,0,0,3,1,0,3,1,3,0,1,0,0,3,3,0,0,1,3,0,3,0,3,0,0,1,0,0,1,0,0,3,0,3,1,0,0,3,2,3,1,3,3,3,1,3,3,3,0,3,0,0,3,0,1,0,3,3,1,0,0,3,0,3,0,-1,0,1,0,3,3,3,3,3,2,3,1,0,3,3,3,3,3,1,0,1,0,3,0,0,1,3,0,1,0,0,3,3,3,1,1,1,3,1,0,3,1,1,1,0,3,3,3,0,3,0,1,1,0,0,1,3,0,3,0,0,0,3,3,0,0,1,3,3,0,3,3,3,3,3,1,3,3,1,3,1,1,3,0,0,1,0,1,0,3,3,3,0,1,0,3,0,3,2,3,0,1,3,3,0,3,0,1,0,1,1,0,3,0,3,0,1,1,0,0,3,0,3,1,0,3,3,0,0,1,1
"Guinea",0,0,0,0,0,0,0,0,0,0,0,0,0,3,0,0,0,0,3,0,1,0,0,0,0,0,3,0,1,0,0,3,0,0,0,0,0,1,0,0,0,3,0,0,0,0,0,1,3,0,3,1,0,0,0,0,0,1,0,0,0,1,3,0,0,3,0,0,0,-1,3,0,3,0,3,0,0,2,0,1,0,0,0,0,0,0,0,0,1,0,0,0,0,1,0,0,1,3,0,0,0,0,1,1,1,3,1,3,0,0,1,1,0,3,0,0,0,0,0,1,1,0,0,1,0,0,1,3,3,0,0,0,0,0,1,0,0,0,0,0,3,0,0,1,0,0,3,0,1,1,0,0,0,3,0,1,3,3,0,0,0,1,0,0,0,0,0,3,0,0,0,0,0,0,0,1,0,1,3,0,0,3,0,0,1,1,0,0,0,0,0,0,0,0,0,0,0,0,0
"Guinea-Bissau",0,0,0,0,0,0,0,0,0,0,0,0,0,3,0,0,0,0,3,0,1,0,0,0,0,0,3,0,1,0,0,3,0,0,0,0,0,1,0,0,0,3,0,1,0,0,0,1,3,0,3,0,0,0,0,0,0,1,0,0,0,1,3,0,0,3,0,0,0,3,-1,0,3,0,0,0,0,0,0,1,0,0,0,0,0,0,0,0,1,0,0,0,0,0,0,0,1,3,0,0,0,0,1,1,1,0,1,3,0,0,1,1,0,3,0,0,0,0,0,1,0,0,0,1,0,0,1,3,3,0,0,0,0,0,1,0,0,0,0,0,3,0,0,1,0,0,1,0,1,1,0,3,0,3,3,1,3,3,0,0,0,1,0,0,0,0,0,3,0,1,0,0,0,0,0,1,0,1,3,0,0,3,0,0,1,1,0,0,0,0,0,0,0,0,0,0,0,0,0
"Guyana",0,0,0,0,0,3,3,1,0,0,0,3,1,1,3,0,0,3,0,0,1,0,3,3,0,0,0,0,1,0,0,1,0,0,3,0,3,1,0,0,3,2,0,1,0,0,0,1,3,3,3,1,0,0,0,0,3,1,3,0,0,1,3,0,0,0,0,3,0,0,1,-1,3,0,3,0,0,2,3,1,0,3,0,0,3,0,1,0,1,0,3,0,0,1,0,0,3,0,0,0,0,0,1,1,1,3,1,0,0,0,1,3,0,3,0,0,0,0,0,1,0,0,0,1,0,0,1,0,0,0,0,0,0,0,1,3,3,0,0,3,3,0,0,3,0,3,1,3,3,1,0,0,0,0,0,1,0,3,0,0,1,1,3,3,0,0,2,3,0,3,0,0,0,0,0,3,0,1,1,0,3,0,1,0,1,1,0,0,0,0,3,1,3,0,0,0,0,1,1
"Haiti",0,0,0,0,0,0,0,1,0,0,0,0,0,1,3,0,0,0,3,0,1,0,0,0,0,0,0,0,1,0,0,1,0,0,0,0,0,1,0,0,0,2,0,1,0,0,0,1,3,0,3,1,0,0,0,0,0,1,0,0,0,1,3,0,0,0,0,0,0,0,1,3,-1,0,3,0,0,2,3,1,0,0,3,0,0,0,1,0,1,0,0,0,0,1,0,0,1,0,0,0,0,0,1,1,1,3,1,0,0,0,1,1,0,3,0,0,0,0,0,1,0,0,0,1,0,0,0,0,0,0,0,0,0,0,1,3,0,0,0,0,3,0,0,1,0,0,3,0,0,1,0,0,0,1,0,1,0,3,0,0,0,1,0,3,0,0,2,3,0,0,0,0,0,3,0,1,0,1,1,0,0,0,1,0,1,1,0,0,0,0,0,0,0,0,0,0,0,1,1
"Honduras",0,3,0,3,0,0,3,1,0,3,1,3,0,1,0,0,3,3,0,0,1,3,0,3,0,3,0,0,1,0,0,1,0,0,3,0,3,1,0,0,3,2,3,1,3,3,3,1,3,3,3,0,3,0,0,3,0,1,0,3,3,1,3,3,3,0,3,0,3,0,1,0,3,-1,3,3,3,2,3,1,0,3,3,3,0,3,1,0,1,0,3,0,0,1,3,0,1,0,0,3,3,3,1,1,1,3,1,0,3,0,1,1,0,3,3,3,0,3,0,1,0,0,0,1,3,0,3,0,0,0,3,3,0,0,1,3,3,0,3,3,3,3,3,1,3,3,1,3,1,1,3,0,0,1,0,1,0,3,3,3,0,1,0,3,0,3,2,3,0,1,3,3,0,3,0,1,0,1,1,0,3,3,3,0,1,1,0,3,3,0,3,1,0,3,0,0,0,1,1
"Hong Kong",0,3,0,3,0,3,3,3,2,3,1,3,1,0,3,3,3,3,3,0,1,3,3,3,3,3,1,0,1,0,2,3,0,0,3,0,3,1,0,0,0,2,3,1,3,3,3,1,3,3,3,3,0,0,0,3,0,1,3,3,3,1,0,0,3,0,3,3,0,0,1,3,3,0,-1,3,3,2,3,1,0,3,3,3,3,3,1,3,1,3,3,1,0,1,3,1,3,0,0,3,3,3,3,1,3,3,1,0,3,0,1,3,3,3,3,3,3,3,3,1,3,3,0,1,3,3,3,3,0,0,3,3,1,0,1,3,3,1,0,3,3,3,3,3,3,3,1,3,3,1,3,0,0,0,3,1,0,3,3,3,0,1,3,3,0,3,2,3,0,3,3,3,0,1,0,3,3,1,1,1,3,3,3,0,1,3,3,3,3,0,3,1,3,3,3,1,3,3,3
"Hungary",0,3,0,3,1,3,3,3,2,3,1,3,1,1,3,3,3,3,0,0,3,3,3,3,3,3,1,0,1,0,2,3,0,0,3,0,3,1,0,0,3,2,3,1,3,3,3,1,3,3,3,1,3,0,0,3,3,1,3,3,3,1,3,3,3,0,3,3,3,0,1,0,3,3,3,-1,3,2,3,1,0,3,3,3,3,3,1,3,1,3,3,1,3,1,3,1,1,0,0,3,3,3,3,1,1,3,1,0,3,3,1,3,3,3,3,3,0,3,3,1,1,0,0,1,3,3,3,0,0,0,3,3,1,0,3,3,3,1,3,3,3,3,3,3,3,0,1,3,3,3,3,3,0,3,3,1,0,3,3,3,3,1,3,3,0,3,2,3,0,1,3,3,0,3,1,1,3,3,1,3,3,3,3,0,3,1,3,3,3,2,3,3,3,3,3,1,0,1,1
"Iceland",0,3,0,3,1,3,3,3,2,3,1,3,1,1,3,3,3,3,0,0,3,3,3,3,3,3,1,0,1,0,2,3,0,0,3,0,3,1,0,0,3,2,3,1,3,3,3,1,3,3,3,1,3,0,0,3,0,1,3,3,3,1,3,3,3,0,3,3,3,0,1,0,3,3,3,3,-1,2,3,1,0,3,3,3,3,3,1,3,1,3,3,1,3,1,3,1,3,0,0,3,3,3,3,1,1,3,1,0,3,1,1,3,3,3,3,3,0,3,3,1,1,3,0,1,3,3,3,0,0,0,3,3,1,1,1,3,3,1,3,3,3,3,3,3,3,0,1,3,3,1,3,3,0,1,3,1,0,3,3,3,3,1,3,3,0,3,2,3,0,1,3,3,0,3,1,1,3,3,1,3,3,3,3,0,3,1,3,3,3,2,3,3,3,3,3,1,0,1,1
"India",0,0,0,0,1,0,0,1,0,0,1,0,0,0,0,0,0,0,0,3,1,0,0,0,0,0,0,0,1,0,0,1,0,0,0,0,0,1,0,0,0,2,0,0,0,0,0,1,3,0,3,0,3,0,0,0,0,1,3,0,0,1,0,0,0,0,0,3,0,0,1,0,3,0,2,0,0,-1,3,1,0,0,0,0,3,0,1,0,1,0,0,0,0,1,0,0,1,0,0,0,0,0,3,1,0,1,1,0,0,1,1,3,0,3,0,0,0,0,0,1,1,0,0,3,0,0,0,0,0,0,0,0,0,0,1,3,0,0,0,0,0,0,0,3,0,0,1,3,1,1,0,0,0,3,3,1,0,0,0,0,0,1,0,0,0,0,2,3,0,1,0,0,0,0,0,1,1,1,1,0,3,3,0,0,1,1,0,0,0,0,0,1,3,0,0,1,0,0,1
"Indonesia",0,0,0,0,1,0,0,1,0,0,1,0,0,0,0,3,0,0,0,0,1,0,0,3,3,0,0,0,3,0,0,1,0,0,3,0,3,1,0,0,0,2,0,1,0,0,0,1,3,0,3,0,0,0,0,0,0,1,3,0,0,1,3,0,0,0,0,0,0,0,1,3,3,0,3,0,0,2,-1,1,0,0,0,0,0,3,1,0,1,0,0,0,1,3,0,0,1,0,0,0,0,0,3,1,1,3,1,3,0,1,1,1,0,3,0,0,0,0,3,1,3,3,0,1,0,0,1,0,0,0,0,0,1,1,1,3,0,1,0,3,3,0,0,3,0,0,3,3,0,1,0,0,0,0,3,1,0,3,0,0,0,1,0,0,0,0,2,3,0,1,0,0,0,0,1,1,3,1,1,0,0,0,1,0,1,1,0,0,0,0,0,3,0,0,0,3,0,0,1
"Iran",0,0,0,0,0,0,0,3,0,0,1,0,0,0,0,0,0,0,0,0,1,0,0,0,0,0,0,0,1,0,0,1,0,0,0,0,0,1,0,0,0,2,0,0,0,0,0,1,3,0,3,0,0,0,0,0,0,1,0,0,0,1,0,3,0,0,0,0,0,0,1,0,3,0,0,0,0,2,0,-1,0,0,0,0,0,0,0,0,1,0,0,0,0,0,0,1,1,0,0,0,0,0,1,1,0,3,1,0,0,0,1,0,0,3,0,0,0,0,0,1,0,0,0,1,0,0,0,0,0,0,0,0,1,0,1,0,0,0,0,0,0,0,0,1,0,0,1,0,0,1,0,0,0,0,0,1,0,0,0,0,0,1,0,0,0,0,2,0,0,1,0,0,0,0,0,0,0,1,1,0,0,0,3,0,1,1,0,0,0,0,0,0,0,0,3,0,0,0,1
"Iraq",0,0,0,0,0,0,0,0,0,0,0,0,0,0,0,0,0,0,0,0,1,0,0,0,0,0,0,0,1,0,0,1,0,0,0,0,0,1,0,0,0,2,0,0,0,0,0,1,3,0,3,0,0,0,0,0,0,1,0,0,0,1,0,0,0,0,0,0,0,0,1,0,3,0,0,0,0,0,0,0,-1,0,0,0,0,0,0,0,0,0,0,0,0,0,0,1,1,0,0,0,0,0,1,1,0,3,1,0,0,0,1,0,0,3,0,0,0,0,0,1,0,0,0,0,0,0,0,0,0,0,0,0,0,0,1,0,0,0,0,0,0,0,0,1,0,0,1,0,0,1,0,0,0,0,0,1,0,0,0,0,0,1,0,0,0,0,2,0,0,0,0,0,0,0,0,1,0,1,1,0,0,0,0,0,1,1,0,0,0,0,0,0,0,0,0,0,0,0,0
"Ireland",0,3,0,3,1,3,3,3,2,3,1,3,1,1,3,3,3,3,0,0,3,3,3,3,3,3,1,0,1,0,2,3,0,0,3,0,3,1,0,0,3,2,3,1,3,3,3,1,3,3,3,1,3,0,0,3,3,1,3,3,3,1,3,3,3,0,3,3,3,0,1,3,3,3,3,3,3,2,3,1,0,-1,3,3,3,3,1,3,1,3,3,1,3,1,3,1,3,0,0,3,3,3,3,1,1,3,1,0,3,3,1,3,3,3,3,3,1,3,3,1,1,3,0,1,3,3,3,0,0,0,3,3,1,0,1,3,3,1,3,3,3,3,3,3,3,0,1,3,3,1,3,3,0,3,3,1,0,3,3,3,1,1,3,3,0,3,2,3,0,1,3,3,0,3,1,1,3,1,1,1,3,3,1,0,1,1,3,3,3,2,3,3,3,3,3,1,0,3,1
"Israel",0,3,0,3,1,0,3,1,0,3,1,3,0,1,3,3,3,3,0,0,1,3,3,3,0,3,0,0,1,0,2,1,3,0,3,0,3,1,0,0,3,2,3,1,3,3,3,1,3,3,3,0,3,0,0,3,3,1,3,3,3,1,0,3,3,0,3,3,3,0,1,0,3,3,3,3,3,2,0,0,0,3,-1,3,3,3,1,3,1,0,3,0,1,1,3,0,3,0,0,3,3,3,3,1,3,0,1,0,3,1,1,3,3,3,3,3,3,3,0,1,1,0,1,1,3,3,3,0,0,0,3,3,0,0,3,3,3,1,3,3,3,3,3,1,3,3,1,3,3,1,3,0,0,1,3,1,0,3,3,3,1,1,3,3,0,3,2,3,0,3,3,3,0,3,1,1,3,1,1,1,3,0,3,0,1,1,3,0,3,0,3,3,3,3,0,0,0,1,1
"Italy",0,3,0,3,1,3,3,3,2,3,1,3,1,1,3,3,3,3,0,0,3,3,3,3,3,3,1,0,1,0,2,3,0,0,3,0,3,1,0,0,3,2,3,1,3,3,3,1,3,3,3,1,3,0,0,3,3,1,3,3,3,1,3,3,3,0,3,3,3,0,1,3,3,3,3,3,3,2,3,1,0,3,3,-1,3,3,1,3,1,3,3,1,3,1,3,1,3,0,0,3,3,3,3,1,1,3,1,0,3,3,1,3,3,3,3,3,0,3,3,1,1,3,0,1,3,3,3,0,0,0,3,3,1,1,3,3,3,1,3,3,3,3,3,3,3,0,1,3,3,3,3,3,0,3,3,1,0,3,3,3,3,1,3,3,0,3,2,3,0,1,3,3,0,3,1,1,3,3,1,3,3,3,3,0,3,1,3,3,3,2,3,3,3,3,3,3,0,1,1
"Jamaica",0,0,0,0,0,3,3,1,0,0,1,3,0,3,3,0,0,3,0,0,1,0,3,3,0,0,0,0,1,0,0,1,0,0,3,0,3,1,0,0,0,2,0,1,0,0,0,1,3,3,3,1,0,0,0,0,3,1,3,0,0,1,3,0,0,0,0,3,0,0,1,3,3,0,3,0,0,2,3,1,0,0,3,0,-1,0,1,0,3,3,0,0,0,1,0,0,3,0,0,0,0,0,1,1,3,3,1,0,0,0,1,3,3,3,0,0,0,0,0,1,1,3,0,1,0,0,1,0,0,0,0,0,0,0,1,3,3,0,0,3,3,0,0,1,0,3,1,3,3,1,0,0,0,1,3,1,0,3,0,0,0,1,3,3,0,0,2,3,0,3,0,0,0,0,0,3,0,1,1,0,3,0,1,0,1,3,0,0,0,0,3,1,3,0,3,0,0,3,3
"Japan",0,3,0,3,1,3,3,3,2,3,1,3,1,1,3,3,3,3,0,0,3,3,3,0,3,3,0,0,1,0,2,1,0,0,3,3,3,1,0,0,3,2,3,1,3,3,3,1,3,3,3,1,3,0,0,3,3,1,3,3,3,1,0,3,3,0,3,3,3,0,1,3,3,3,3,3,3,2,3,1,0,3,3,3,3,-1,1,3,1,3,3,1,3,3,3,1,3,0,0,3,3,3,3,1,1,3,1,0,3,1,1,3,3,3,3,3,3,3,3,1,3,3,0,1,3,3,3,0,0,0,3,3,1,1,1,3,3,1,3,3,3,3,3,3,3,0,1,3,3,1,3,3,0,3,3,1,0,3,3,3,1,1,3,3,0,3,2,3,0,3,3,3,0,3,1,1,3,1,1,1,3,3,3,0,1,1,3,3,3,2,3,3,3,3,3,3,0,1,1
"Jordan",0,0,0,0,0,0,0,1,0,0,1,0,0,0,0,0,0,0,0,0,1,0,0,0,0,0,0,0,1,0,0,1,0,0,0,0,0,1,0,0,0,2,0,0,0,0,0,1,3,0,3,3,0,0,0,0,0,1,0,0,0,1,0,3,0,0,0,0,0,0,1,0,3,0,3,0,0,2,3,0,0,0,0,0,0,0,-1,0,1,0,3,0,0,0,0,3,1,0,3,0,0,0,1,1,1,3,1,0,0,0,1,1,0,3,0,0,0,0,0,1,1,0,0,1,0,0,1,0,0,0,0,0,0,0,1,3,0,0,0,0,0,0,0,1,0,0,1,3,0,1,0,0,0,0,0,1,0,0,0,0,0,1,3,0,0,0,2,0,0,1,0,0,3,0,1,1,0,1,1,0,0,3,3,0,1,1,0,0,0,0,0,1,0,0,0,0,1,0,0
"Kazakhstan",0,3,0,0,0,3,3,3,0,0,3,0,1,1,3,3,0,0,0,0,1,0,0,3,0,0,0,0,1,0,0,1,0,0,0,0,3,1,0,0,3,2,0,1,0,0,0,1,3,3,3,1,0,0,0,0,0,1,0,0,0,1,0,3,0,0,0,0,0,0,1,0,3,0,3,0,0,2,3,1,0,0,0,0,1,0,1,-1,1,0,0,0,3,1,0,1,1,0,0,0,0,0,1,1,0,3,1,0,0,1,1,1,0,3,3,0,3,3,0,1,1,3,0,1,0,0,1,0,0,0,0,0,0,0,1,3,0,0,0,0,3,0,0,3,0,3,1,0,0,1,0,0,0,0,3,1,0,0,0,0,0,1,0,3,0,0,2,3,0,1,0,0,0,0,3,0,1,1,1,0,0,0,3,0,1,1,3,1,0,0,0,3,0,0,0,1,0,1,1
"Kenya",0,0,0,0,0,3,0,0,0,0,0,3,0,0,3,0,0,0,3,0,1,0,3,0,0,0,1,3,1,0,0,1,0,0,0,0,0,1,0,1,0,2,0,3,0,0,0,1,3,0,0,0,0,0,0,0,3,3,3,0,0,1,3,0,0,3,0,3,0,0,1,0,3,0,3,0,0,2,3,1,0,0,0,0,3,0,1,0,-1,3,0,0,0,1,0,0,3,0,0,0,0,0,1,1,3,3,1,0,0,0,1,3,0,3,0,0,0,0,0,1,1,3,0,1,0,0,0,0,1,0,0,0,0,0,1,0,3,0,0,0,3,0,0,1,0,0,3,3,1,1,0,0,0,1,0,1,1,3,0,0,0,1,0,0,1,0,0,3,1,1,0,0,0,0,0,3,0,1,1,0,3,0,0,0,1,3,0,0,0,0,0,0,3,0,0,0,0,3,3
"Kiribati",0,0,0,3,0,3,0,1,0,3,0,3,0,1,3,0,3,3,0,0,1,3,3,0,0,3,0,0,1,0,0,1,0,0,0,0,0,1,0,0,3,2,3,1,3,3,3,1,3,3,3,1,0,0,0,3,0,1,3,3,3,1,3,0,3,0,3,3,0,0,1,0,3,0,3,3,3,2,3,1,0,3,0,3,3,0,1,0,3,-1,3,0,0,1,3,0,3,0,0,3,3,3,3,1,3,3,1,0,3,1,1,3,0,3,3,3,0,0,0,1,0,0,0,1,3,0,1,0,0,0,0,3,0,0,1,3,3,1,0,3,3,3,3,1,3,0,1,3,3,1,3,0,0,1,0,1,0,3,3,3,1,1,0,3,0,3,2,3,0,1,3,3,0,1,0,3,0,1,1,1,3,3,1,0,1,1,0,0,3,0,0,1,3,3,0,0,0,3,3
"Kosovo",0,3,0,0,0,0,0,0,0,0,0,0,0,1,0,0,0,0,0,0,1,0,0,0,0,0,0,0,1,0,0,1,0,0,0,0,0,1,0,0,0,2,0,1,0,0,0,1,3,0,3,0,0,0,0,0,0,1,0,0,0,1,3,0,0,0,0,0,0,0,1,0,3,0,0,0,0,0,0,1,0,0,0,0,1,0,1,0,0,0,-1,0,0,1,0,0,1,0,0,0,0,0,1,1,0,0,1,0,0,1,1,0,0,3,0,0,0,3,0,1,0,0,0,1,0,0,0,0,0,0,3,0,1,0,1,3,0,0,0,0,0,0,0,1,0,0,1,0,0,1,0,0,0,0,3,1,0,0,0,0,0,1,0,0,0,0,2,3,0,1,0,0,0,0,0,1,0,1,1,0,0,0,3,0,1,1,0,0,0,0,0,0,0,0,0,0,0,0,0
"Kuwait",0,3,0,0,0,0,0,1,0,0,1,3,3,1,0,3,0,0,0,0,1,3,3,0,1,0,0,0,1,0,0,1,0,0,0,0,0,1,0,0,0,2,0,1,0,0,0,1,3,3,3,3,3,0,0,0,3,1,0,0,0,1,0,3,0,0,0,0,3,0,1,0,3,3,3,0,0,0,3,1,0,0,0,0,0,0,3,0,1,0,3,-1,3,1,0,3,1,0,0,0,0,0,1,1,1,3,1,0,0,1,1,3,0,3,0,0,0,3,3,1,1,0,0,1,0,3,3,0,0,0,0,0,3,1,1,3,3,0,0,0,3,0,0,3,0,0,1,3,3,1,0,3,3,1,3,1,0,3,0,0,1,1,0,3,0,0,2,3,3,1,0,0,3,1,1,1,3,1,1,0,0,3,3,0,1,1,0,3,2,0,0,1,3,0,0,0,1,0,1
"Kyrgyzstan",0,0,0,0,0,3,0,3,0,0,3,0,0,1,3,3,0,0,0,0,1,0,0,0,0,0,0,0,1,0,0,1,0,0,0,0,0,1,0,0,0,2,0,1,0,0,0,1,3,0,3,0,0,0,0,0,0,1,0,0,0,1,0,3,0,0,0,0,0,0,1,0,3,0,0,0,0,0,3,1,0,0,0,0,1,0,1,3,1,0,0,0,-1,1,0,1,1,0,0,0,0,0,1,1,1,3,1,0,0,1,1,1,0,3,3,0,3,0,0,1,1,3,0,1,0,0,1,0,0,0,0,0,0,0,1,3,0,0,0,0,3,0,0,1,0,3,1,0,1,1,0,0,0,0,3,1,0,0,0,0,0,1,0,0,0,0,2,3,0,1,0,0,0,0,3,0,0,1,1,0,0,0,3,0,1,1,3,0,0,0,0,3,0,0,0,3,0,0,1
"Laos",0,0,0,0,0,0,0,1,0,0,0,0,0,1,0,0,0,0,0,0,1,0,0,0,3,0,0,0,3,0,0,1,0,0,0,0,0,1,0,0,0,2,0,1,0,0,0,1,3,0,3,1,0,0,0,0,0,1,0,0,0,1,3,0,0,0,0,0,0,0,1,0,3,0,0,0,0,2,3,1,0,0,0,0,0,0,0,0,1,0,0,1,0,-1,0,0,1,0,0,0,0,0,1,1,1,3,1,0,0,0,1,0,0,3,0,0,3,0,0,1,3,0,0,1,0,0,0,0,0,0,0,0,0,0,1,3,0,0,0,0,3,0,0,1,0,3,1,0,0,1,0,0,0,0,0,1,0,3,0,0,0,1,0,0,0,0,2,3,0,1,0,0,0,0,0,1,3,1,1,0,0,0,0,0,1,1,0,0,0,0,0,1,0,0,0,3,0,1,0
"Latvia",0,3,0,3,1,3,3,3,2,3,1,3,1,1,3,3,3,3,0,0,3,3,3,3,3,3,1,0,1,0,2,3,0,0,3,0,3,1,0,0,3,2,3,1,3,3,3,1,3,3,3,1,3,0,0,3,3,1,3,3,3,1,3,3,3,0,3,3,3,0,1,0,3,3,3,3,3,2,3,1,0,3,3,3,3,3,1,3,1,3,3,1,3,1,-1,1,1,0,0,3,3,3,3,1,1,3,1,0,3,3,1,3,3,3,3,3,1,3,3,1,1,0,0,1,3,3,3,0,0,0,3,3,1,0,3,3,3,1,3,3,3,3,3,3,3,0,1,3,3,3,3,3,0,3,3,1,0,3,3,3,3,1,0,3,0,3,2,3,0,1,3,3,0,3,1,1,3,3,1,3,3,3,3,0,3,1,3,3,3,2,3,3,3,3,3,0,0,1,1
"Lebanon",0,0,0,0,0,0,0,1,0,0,0,0,0,0,0,0,0,0,0,0,1,0,0,0,0,0,0,0,1,0,0,1,0,0,0,0,0,1,0,0,0,2,0,1,0,0,0,1,3,0,3,0,0,0,0,0,0,1,0,0,0,1,0,3,0,0,0,0,0,0,1,0,3,0,0,0,0,0,3,3,1,0,0,0,0,0,3,0,0,0,0,0,0,0,0,-1,1,0,0,0,0,0,3,1,0,3,1,0,0,0,1,1,0,3,0,0,0,0,0,1,0,0,0,1,0,0,0,0,0,0,0,0,1,0,1,3,0,0,0,0,0,0,0,3,0,0,1,0,0,1,0,0,0,0,0,1,0,0,0,0,0,1,0,0,0,0,2,0,0,1,0,0,3,0,1,0,0,1,1,0,0,0,3,0,1,1,0,0,0,0,0,1,0,0,0,0,0,0,0
"Lesotho",0,0,0,0,1,3,0,0,0,0,0,3,0,3,3,0,0,3,3,0,1,0,3,0,0,0,0,0,1,0,0,1,0,0,0,0,0,1,0,0,0,2,0,1,0,0,0,1,3,0,3,0,0,0,0,0,3,1,3,0,0,1,3,0,0,1,0,3,0,0,1,3,3,0,3,0,0,2,3,1,0,3,3,0,3,3,1,0,3,3,3,0,0,0,0,0,-1,0,0,0,0,0,1,1,3,3,1,0,0,0,1,3,0,3,0,0,0,0,0,1,0,3,0,1,0,0,1,0,0,0,0,0,0,0,1,3,0,0,0,0,3,0,0,1,0,0,1,3,3,1,0,0,0,1,0,1,0,3,0,0,0,1,3,3,0,0,2,3,0,1,0,0,0,0,0,3,0,1,1,0,3,0,0,0,1,3,0,0,0,0,0,0,3,0,0,0,0,3,3
"Liberia",0,0,0,0,0,0,0,0,0,0,0,0,0,1,0,0,0,0,3,0,1,0,0,0,0,0,3,0,1,0,0,3,3,0,0,0,0,1,0,0,0,3,0,1,0,0,0,1,3,0,3,0,0,0,0,0,0,1,0,0,0,1,3,0,0,3,0,0,0,3,3,0,3,0,0,0,0,2,0,1,0,0,0,0,0,0,0,0,1,0,0,0,0,0,0,0,1,-1,0,0,0,0,1,1,0,0,1,3,0,0,1,1,0,3,0,0,0,0,0,1,0,0,0,0,0,0,0,3,3,0,0,0,0,0,1,0,0,0,0,0,3,0,0,1,0,0,1,0,0,1,0,0,0,3,0,1,3,3,0,0,0,1,0,3,0,0,0,3,0,0,0,0,0,0,0,1,0,1,3,0,0,0,0,0,1,1,0,3,0,0,0,0,0,0,0,0,0,0,0
"Libya",0,0,3,0,0,0,0,0,0,0,0,0,0,0,0,0,0,0,3,0,1,0,0,0,0,0,1,0,1,0,0,1,0,0,0,0,0,1,0,0,0,2,0,1,0,0,0,1,3,0,3,0,0,0,0,0,0,1,0,0,0,1,0,0,0,1,0,0,0,0,1,0,3,0,0,0,0,0,1,1,0,0,0,0,0,0,0,0,0,0,0,0,0,0,0,1,1,0,-1,0,0,0,1,1,0,3,1,0,0,0,3,0,0,3,0,0,0,0,0,1,0,0,0,1,0,0,0,0,0,0,0,0,0,0,1,3,0,0,0,0,0,0,0,1,0,0,1,0,0,1,0,0,0,0,0,1,0,0,0,0,0,1,0,0,0,0,2,3,0,0,0,0,0,0,0,1,0,1,1,0,0,3,0,0,1,1,0,0,0,0,0,0,0,0,0,0,0,0,0
"Liechtenstein",0,3,0,3,0,3,3,3,2,3,1,3,1,1,3,3,3,0,0,0,3,3,3,3,3,3,1,0,1,0,2,3,0,0,3,0,3,1,0,0,3,2,3,1,3,3,3,1,3,3,3,1,3,0,0,3,0,1,3,3,3,1,3,3,3,0,3,3,3,0,1,0,3,3,3,3,3,2,3,1,0,3,3,3,3,3,1,0,1,3,3,1,3,1,3,1,1,0,0,-1,3,3,3,1,1,3,1,0,3,0,1,3,3,3,3,3,0,3,3,1,0,3,0,1,3,3,3,0,0,0,3,3,1,0,1,3,3,1,3,3,3,3,3,3,3,0,1,3,3,1,3,3,0,1,3,1,0,3,3,3,3,1,3,3,0,3,2,3,0,1,3,3,0,3,1,1,3,3,1,3,3,3,3,0,3,1,3,3,3,2,3,3,3,3,3,1,0,1,1
"Lithuania",0,3,0,3,1,3,3,3,2,3,1,3,1,1,3,3,3,3,0,0,3,3,3,3,3,3,1,0,1,0,2,3,0,0,3,0,3,1,0,0,3,2,3,1,3,3,3,1,3,3,3,1,3,0,0,3,3,1,3,3,3,1,3,3,3,0,3,3,3,0,1,0,3,3,3,3,3,2,3,1,0,3,3,3,3,3,1,3,1,3,3,1,3,1,3,1,1,0,0,3,-1,3,3,1,1,3,1,0,3,3,1,3,3,3,3,3,1,3,3,1,1,0,0,1,3,3,3,0,0,0,3,3,1,1,3,3,3,1,3,3,3,3,3,3,3,0,1,3,3,3,3,3,0,3,3,1,0,3,3,3,3,1,0,3,0,3,2,3,0,1,3,3,0,3,1,1,3,3,1,3,3,3,3,0,3,1,3,3,3,2,3,3,3,3,3,1,0,1,1
"Luxembourg",0,3,0,3,1,3,3,3,2,3,1,3,1,1,3,3,3,3,0,0,3,3,3,3,3,3,1,0,1,0,2,3,0,0,3,0,3,1,0,0,3,2,3,1,3,3,3,1,3,3,3,1,3,0,0,3,3,1,3,3,3,1,3,3,3,0,3,3,3,0,1,3,3,3,3,3,3,2,3,1,0,3,3,3,3,3,1,3,1,3,3,1,3,3,3,1,3,0,0,3,3,-1,3,1,1,3,1,0,3,3,1,3,3,3,3,3,1,3,3,1,1,3,0,1,3,3,3,0,0,0,3,3,1,1,3,3,3,1,3,3,3,3,3,3,3,0,1,3,3,3,3,3,0,3,3,1,0,3,3,3,3,1,3,3,0,3,2,3,0,1,3,3,0,3,1,1,3,3,1,3,3,3,3,0,3,1,3,3,3,2,3,3,3,3,3,1,0,1,1
"Macao",0,3,0,3,0,3,0,3,0,3,1,0,1,1,3,3,3,0,0,0,1,3,0,3,3,3,0,0,1,0,0,3,0,0,3,3,0,1,0,0,0,2,3,1,3,3,3,1,3,3,3,3,0,0,0,3,0,1,3,3,3,1,0,0,3,0,3,3,0,0,1,0,3,0,3,3,3,2,3,1,0,3,3,3,0,3,1,0,1,3,3,0,0,1,3,1,1,0,0,3,3,3,-1,1,1,3,1,3,3,0,1,3,3,3,3,3,3,3,3,1,3,3,0,1,3,3,3,0,0,0,3,3,1,0,1,3,0,1,0,0,3,3,3,1,3,3,1,3,1,3,3,0,0,0,3,1,0,3,3,3,0,1,3,3,0,3,2,3,0,1,3,3,0,1,0,3,3,1,1,1,0,0,3,0,1,1,0,0,3,0,3,0,3,3,0,1,0,0,1
"Madagascar",0,0,0,0,1,3,0,0,0,0,0,0,0,1,0,0,0,0,3,0,1,0,0,0,0,0,0,0,1,0,0,1,0,0,0,0,0,1,0,0,0,2,0,1,0,0,0,1,3,0,3,0,3,0,0,0,3,1,0,0,0,1,0,0,0,1,0,0,3,0,1,0,3,3,3,0,0,2,3,1,0,0,0,0,0,0,0,0,1,0,0,0,0,1,0,0,1,0,0,0,0,0,1,-1,1,3,1,0,0,0,1,1,0,3,0,0,0,0,0,1,0,0,0,1,0,0,3,0,0,0,0,0,0,0,1,0,3,0,0,0,3,0,0,1,0,0,1,0,1,1,0,0,0,1,0,1,0,3,0,0,0,1,0,0,0,0,2,3,0,1,0,0,0,0,0,3,0,1,1,0,0,0,0,0,1,3,0,0,0,0,0,0,0,0,0,0,0,1,3
"Malawi",0,0,0,0,1,3,0,0,0,0,0,3,0,3,3,0,0,3,3,0,1,0,3,0,0,0,0,0,1,0,0,1,0,0,0,0,0,1,0,0,0,2,0,1,0,0,0,1,3,0,3,0,0,0,0,0,3,1,3,0,0,1,3,0,0,1,0,3,0,0,1,0,3,0,3,0,0,2,3,1,0,0,3,0,3,0,1,0,3,3,3,0,0,1,0,0,3,0,0,0,0,0,1,1,-1,3,1,0,0,0,1,3,0,3,0,0,0,0,0,3,0,3,0,1,0,0,1,0,0,0,0,0,0,0,1,3,0,0,0,0,3,0,0,1,0,0,1,3,3,1,0,0,0,1,0,1,0,3,0,0,0,1,3,0,0,0,2,3,0,1,0,0,0,0,0,3,0,1,1,0,3,0,0,0,1,3,0,0,0,0,0,0,3,0,0,0,0,3,3
"Malaysia",0,3,3,3,0,3,3,1,2,3,1,3,1,1,3,3,3,3,0,0,1,3,3,3,3,3,0,0,3,0,0,1,0,0,3,0,0,1,0,0,3,2,3,3,3,3,3,1,3,3,3,1,3,0,0,3,3,1,3,3,3,1,3,3,3,0,3,3,3,0,1,3,3,3,3,3,3,2,3,3,0,3,0,3,3,3,1,3,3,3,3,1,3,3,3,1,3,0,0,3,3,3,3,1,3,-1,1,0,3,1,1,3,3,3,3,3,3,3,3,1,1,3,0,1,3,3,3,0,0,0,3,3,1,1,1,3,3,1,0,3,3,3,3,3,3,0,1,3,1,1,3,0,0,1,0,1,0,3,3,3,1,1,3,3,0,3,2,3,1,3,3,3,0,3,1,3,3,1,1,1,3,3,3,0,1,1,0,3,3,0,3,3,3,3,3,3,1,3,3
"Maldives",0,0,0,0,0,3,0,1,0,0,1,3,0,3,3,0,0,3,0,3,1,0,3,0,3,0,0,0,1,0,0,1,0,0,0,0,0,1,0,0,3,2,0,1,0,0,0,1,3,0,3,1,0,0,0,0,3,1,3,0,0,1,3,0,0,0,0,3,0,0,1,0,3,0,3,0,0,3,3,1,0,3,0,0,3,0,1,0,3,0,3,0,0,1,0,0,3,0,0,0,0,0,1,1,1,3,-1,0,0,1,1,3,0,3,0,0,0,0,0,1,1,0,0,1,0,0,1,0,0,0,0,0,0,3,1,3,3,1,0,0,3,0,0,3,0,0,1,3,3,1,0,0,0,0,0,1,0,3,0,0,1,1,3,0,0,0,1,3,0,1,0,0,0,0,0,1,3,1,1,0,3,3,1,0,1,1,0,1,3,0,0,1,3,0,0,0,0,3,3
"Mali",0,0,3,0,0,0,0,0,0,0,0,3,0,1,3,0,0,0,3,0,1,0,0,0,0,0,3,0,1,3,0,3,0,3,0,0,0,1,0,0,0,3,0,1,0,0,0,1,3,0,3,0,0,0,0,0,0,1,0,0,0,1,3,0,0,3,0,0,0,3,3,0,3,0,3,0,0,2,3,1,0,0,0,0,0,0,0,0,1,0,0,0,0,1,0,0,1,3,0,0,0,0,3,1,0,0,1,-1,0,0,3,0,0,3,0,0,0,0,0,1,0,0,0,1,0,0,0,3,3,0,0,0,0,0,1,0,0,0,0,0,3,0,0,1,0,0,1,0,1,1,0,0,0,3,0,1,3,0,0,0,0,1,0,0,0,0,0,3,0,0,0,0,0,0,0,0,0,1,3,0,0,3,0,0,1,1,0,0,0,0,0,0,0,0,0,0,0,0,0
"Malta",0,3,0,3,1,3,3,3,2,3,1,3,1,1,3,3,3,3,0,0,1,3,3,3,3,3,1,0,1,0,2,3,0,0,3,0,3,1,0,0,3,2,3,1,3,3,3,1,3,3,3,1,3,0,0,3,3,1,3,3,3,1,3,3,3,0,3,3,3,0,1,0,3,3,3,3,3,2,3,1,0,3,3,3,3,3,1,3,1,3,3,1,3,1,3,1,1,0,0,3,3,3,3,1,1,3,1,0,-1,3,1,3,3,3,3,3,1,3,3,1,1,0,0,1,3,3,3,0,0,0,3,3,1,1,3,3,3,1,3,3,3,3,3,3,3,0,1,3,3,3,3,3,0,3,3,1,0,3,3,3,3,1,3,3,0,3,2,3,0,1,3,3,0,3,1,3,1,3,1,3,3,3,1,0,3,3,3,3,3,2,3,3,3,3,3,1,0,3,3
"Marshall Islands",0,0,0,3,0,3,0,1,0,3,0,3,0,1,0,0,3,3,0,0,1,3,0,0,0,3,0,0,1,0,0,1,0,0,0,0,3,1,0,0,3,2,3,1,3,3,3,1,3,3,3,1,3,0,0,3,0,1,3,3,3,1,0,0,3,0,3,0,3,0,1,0,3,3,3,3,3,2,3,1,0,0,0,3,0,0,1,0,1,3,3,0,0,1,3,0,1,0,0,3,3,3,1,1,1,3,1,0,3,-1,1,1,3,3,3,3,0,0,0,1,0,0,1,1,3,0,3,0,0,0,0,3,0,0,3,3,3,1,0,3,3,3,3,1,3,0,1,0,3,1,3,0,0,1,0,1,0,3,3,3,1,1,0,3,0,3,2,3,0,1,3,3,0,3,0,1,0,1,1,1,0,0,1,0,1,1,0,0,3,3,0,1,3,3,0,1,0,3,1
"Mauritania",0,0,3,0,0,0,0,0,0,0,0,0,0,1,3,0,0,0,3,0,1,0,0,0,0,0,3,0,1,0,0,3,0,3,0,0,0,1,1,0,0,3,0,1,0,0,0,1,3,0,3,0,0,0,0,0,0,1,0,0,0,1,3,0,0,1,0,0,0,3,1,0,3,0,3,0,0,0,3,1,0,0,0,0,0,0,0,0,1,0,0,0,0,1,0,1,1,0,0,0,0,0,1,1,0,3,1,3,0,0,-1,1,0,3,0,0,0,0,0,1,0,0,0,1,0,0,1,3,0,0,0,0,0,0,1,0,0,0,0,0,3,0,0,1,0,0,1,0,1,1,0,0,0,3,0,1,3,3,0,0,0,1,0,0,0,0,2,3,0,1,0,0,3,0,0,0,0,1,0,0,0,3,0,0,1,1,0,0,0,0,0,0,0,0,0,0,0,0,0
"Mauritius",0,3,0,3,3,3,0,0,0,3,1,3,0,0,3,0,3,3,3,0,1,3,3,0,0,3,0,0,1,0,0,1,0,0,3,3,0,1,0,1,3,2,3,1,3,3,3,1,3,3,3,0,0,0,0,3,3,1,3,3,3,3,3,3,3,3,3,3,0,0,1,0,3,0,3,3,3,2,3,1,0,0,3,3,3,3,1,0,3,3,3,0,0,1,3,0,3,0,0,3,3,3,3,1,3,3,1,0,3,1,1,-1,0,3,3,3,0,3,0,3,1,3,0,1,3,3,1,0,0,0,3,3,0,0,1,3,3,0,0,0,3,3,3,1,3,3,3,3,3,1,3,0,0,3,0,1,0,3,3,3,0,1,3,3,0,3,2,3,0,1,3,3,0,1,0,3,3,1,1,0,3,3,1,0,1,3,0,1,3,0,0,1,3,3,0,0,0,3,3
"Mexico",0,3,0,3,0,3,3,1,0,3,1,3,1,0,3,3,3,3,0,0,3,3,3,3,0,3,0,0,1,0,2,1,0,0,3,0,3,1,0,0,3,2,3,1,3,3,3,1,3,3,3,1,3,0,0,3,0,1,3,3,3,1,0,3,3,0,3,3,3,0,1,0,3,3,3,3,3,2,3,1,0,3,3,3,3,3,1,3,1,0,3,0,1,1,3,1,1,0,0,3,3,3,3,1,1,3,1,0,3,1,1,3,-1,3,3,3,0,3,3,1,1,0,0,1,3,3,3,0,0,0,3,3,0,0,1,3,3,1,3,3,3,3,3,3,3,0,1,3,3,1,3,0,0,0,3,1,0,3,3,3,0,1,0,3,0,3,2,3,0,1,3,3,0,0,1,1,1,1,1,0,3,3,1,0,1,1,0,3,3,0,3,1,3,3,3,1,0,1,1
"Micronesia",0,0,0,3,0,0,0,1,0,3,0,0,0,1,0,3,3,3,0,0,1,3,0,0,0,3,0,0,1,0,0,1,0,0,0,0,3,1,0,0,3,2,3,1,3,3,3,1,3,3,3,1,0,0,0,3,0,1,3,3,3,1,3,0,3,0,3,0,0,0,1,0,3,0,3,3,3,2,0,1,0,0,3,3,0,0,0,0,1,3,3,0,0,1,3,0,1,0,0,3,3,3,1,1,1,0,1,0,3,3,1,1,3,-1,3,3,0,0,0,1,0,0,1,1,3,0,1,0,0,0,0,3,0,0,3,3,3,1,0,3,3,3,3,1,3,0,1,0,3,1,3,0,0,1,0,1,0,3,3,3,1,1,0,3,0,3,2,3,0,1,3,3,0,0,0,1,0,1,1,1,0,0,1,0,1,1,0,0,3,3,0,1,3,3,0,1,0,1,1
"Moldova",0,3,0,3,0,3,0,3,0,3,3,3,0,1,3,3,3,0,0,0,1,3,0,0,0,3,0,0,1,0,0,1,0,0,3,0,3,1,0,0,0,2,3,1,3,3,3,1,3,0,3,0,0,0,0,3,0,1,3,3,3,1,0,3,3,0,3,0,0,0,1,0,3,0,0,3,3,2,3,1,0,0,3,3,1,0,0,3,1,0,0,0,3,1,3,1,1,0,0,3,3,3,3,1,1,3,1,0,3,0,1,1,0,3,-1,3,0,3,0,1,0,3,0,1,3,0,1,0,0,0,3,3,1,0,1,3,3,0,0,3,0,3,3,3,3,3,1,3,0,1,3,0,0,0,3,1,0,0,3,3,0,1,0,0,0,3,2,3,0,1,3,3,0,0,3,1,0,1,1,0,0,3,3,0,1,1,3,0,0,0,0,3,0,3,0,1,0,1,1
"Monaco",0,3,0,3,1,3,3,3,2,3,1,3,1,1,0,3,3,3,0,0,3,3,3,3,0,3,0,0,1,0,2,3,0,0,3,0,3,1,0,0,3,2,3,1,3,3,3,1,3,3,3,1,3,0,0,3,3,1,3,3,3,1,3,3,3,0,3,3,3,0,1,0,3,3,3,3,3,2,3,1,0,3,3,3,3,3,1,3,1,0,3,1,3,1,3,1,1,0,0,3,3,3,3,1,1,3,1,0,3,1,1,3,3,3,3,-1,0,3,3,1,1,0,0,1,3,3,3,0,0,0,3,3,1,1,1,3,3,1,3,3,3,3,3,3,3,0,1,3,3,1,3,3,0,1,3,1,0,3,3,3,1,1,3,3,0,3,2,3,0,1,3,3,0,3,1,1,3,1,1,1,0,3,3,0,1,1,3,3,3,2,3,3,3,3,3,1,0,1,1
"Mongolia",0,0,0,0,0,0,0,1,0,0,0,0,0,1,0,3,0,0,0,0,1,0,0,3,0,0,0,0,1,0,0,1,0,0,3,3,0,1,0,0,0,2,0,3,0,0,0,1,3,0,3,0,0,0,0,0,0,1,0,0,0,1,0,0,0,0,0,0,0,0,1,0,3,0,3,0,0,2,3,1,0,0,3,0,0,0,0,3,1,0,0,0,3,3,0,0,1,0,0,0,0,0,3,1,1,3,1,0,0,1,1,1,0,3,0,0,-1,0,0,1,1,0,0,1,0,0,0,0,0,0,0,0,0,0,1,3,3,0,0,0,3,0,0,1,0,3,1,0,1,1,0,0,0,0,3,1,0,3,0,0,0,1,0,0,0,0,2,3,0,1,0,0,0,0,1,1,3,1,1,0,0,0,3,0,1,1,3,0,0,0,3,3,0,0,0,1,0,1,0
"Montenegro",0,3,0,3,0,0,3,3,0,3,0,0,0,1,0,3,3,0,0,0,1,3,0,3,0,3,0,0,1,0,0,1,0,0,3,0,3,1,0,0,3,2,3,3,3,3,3,1,3,0,3,1,0,0,0,3,3,1,0,3,3,1,3,3,3,0,3,0,0,0,1,0,3,0,3,3,3,2,0,1,0,0,3,3,1,0,1,0,1,0,3,0,3,1,3,1,1,0,0,3,3,3,3,1,1,1,1,0,3,0,1,1,0,3,3,3,0,-1,0,1,0,0,0,1,3,0,1,0,0,0,3,3,1,0,1,3,3,0,0,3,0,3,3,1,3,3,1,0,3,1,3,0,0,0,3,1,0,3,3,3,0,1,0,3,0,3,2,3,0,1,3,3,0,1,0,1,0,1,1,0,3,3,3,0,1,1,3,3,0,0,3,3,0,3,0,1,0,3,0
"Morocco",0,0,3,0,1,0,0,0,0,0,1,0,0,0,0,0,0,3,3,0,1,0,0,3,0,0,0,0,1,0,0,0,0,0,0,0,0,1,1,0,0,3,0,1,0,0,0,1,3,0,3,0,0,0,0,0,0,1,0,0,0,3,3,0,0,0,0,3,0,3,1,0,3,0,3,0,0,0,3,1,0,0,0,0,0,0,1,0,1,0,0,0,0,1,0,1,1,0,0,0,0,0,3,1,0,3,1,3,0,1,1,1,0,3,0,0,0,0,-1,1,1,0,0,1,0,0,1,3,0,0,0,0,0,0,1,3,0,0,0,0,3,0,0,1,0,0,1,0,0,1,0,3,0,3,0,1,0,0,0,0,0,1,0,3,0,0,2,3,0,1,0,0,3,0,1,1,0,1,1,0,0,3,3,0,1,1,0,0,0,0,0,1,3,0,0,0,0,0,0
"Mozambique",0,0,0,0,3,0,0,0,0,0,0,0,0,1,0,0,0,0,3,0,1,0,3,0,0,0,0,0,1,0,0,1,0,0,0,0,0,1,0,0,0,2,0,1,0,0,0,1,3,0,3,0,0,0,0,0,3,1,0,0,0,1,0,0,0,1,0,3,0,0,1,0,3,0,3,0,0,2,3,1,0,0,0,0,3,0,0,0,1,0,0,0,0,0,0,0,1,0,0,0,0,0,1,1,3,0,1,0,0,0,1,3,0,3,0,0,0,0,0,-1,0,3,0,1,0,0,1,0,0,0,0,0,0,1,1,0,0,0,0,0,3,0,0,1,0,0,1,0,1,1,0,3,0,0,0,1,0,3,0,0,0,1,3,0,0,0,2,3,0,1,0,0,0,0,0,3,0,1,1,0,0,0,0,0,1,1,0,0,0,0,0,0,3,0,0,0,0,3,3
"Myanmar",0,0,0,0,0,0,0,1,0,0,0,0,0,0,0,0,0,0,0,0,1,0,0,0,3,0,0,0,1,0,0,1,0,0,0,0,0,1,0,0,0,2,0,1,0,0,0,1,3,0,3,0,0,0,0,0,0,1,0,0,0,1,0,0,0,0,0,0,0,0,1,0,3,0,0,0,0,2,3,1,0,0,0,0,0,0,1,0,1,0,0,0,0,3,0,0,1,0,0,0,0,0,1,1,1,1,1,0,0,0,1,1,0,3,0,0,0,0,0,1,-1,0,0,1,0,0,1,0,0,0,0,0,0,0,0,0,0,0,0,0,3,0,0,1,0,0,1,0,0,1,0,0,0,0,0,1,0,3,0,0,0,1,0,0,0,0,2,3,0,0,0,0,0,0,0,1,3,1,1,0,0,0,1,0,1,1,0,0,0,0,0,0,0,0,0,3,0,1,0
"Namibia",0,0,0,0,3,3,0,0,0,0,0,3,0,1,0,0,0,3,3,0,1,0,3,3,0,0,0,0,1,0,0,1,0,0,0,0,0,1,0,0,0,2,0,3,0,0,0,1,3,3,3,0,0,0,0,0,3,1,0,0,0,1,3,0,0,1,0,3,0,0,1,0,3,0,3,0,0,2,3,1,0,0,0,0,3,0,0,0,3,0,3,0,0,1,0,0,3,0,0,0,0,0,3,1,3,3,1,0,0,0,1,3,0,3,0,0,0,0,0,1,0,-1,0,1,0,0,1,0,0,0,0,0,0,0,1,0,3,0,0,0,3,0,0,1,0,0,1,0,0,1,0,0,0,1,0,1,0,3,0,0,0,1,3,0,0,0,2,3,0,1,0,0,0,0,0,3,0,1,1,0,3,3,1,0,1,1,0,0,3,0,0,0,3,0,0,0,0,3,3
"Nauru",0,0,0,0,0,3,0,1,0,0,0,3,0,1,0,0,0,0,0,0,1,0,3,0,0,0,0,0,1,0,0,1,0,0,0,0,0,1,0,0,3,2,0,1,0,0,0,1,3,3,3,1,0,0,0,0,3,1,3,0,0,1,3,0,0,0,0,3,0,0,1,0,3,0,3,0,0,2,3,1,0,3,3,0,3,0,1,0,3,3,3,0,0,0,0,0,3,0,0,0,0,0,1,1,3,3,1,0,0,1,1,3,0,3,0,0,0,0,0,1,0,0,-1,1,0,0,1,0,0,0,0,0,0,0,1,3,3,1,0,3,0,0,0,1,0,3,1,3,3,1,0,0,0,0,0,1,0,3,0,0,1,1,0,3,0,0,2,3,0,0,0,0,0,3,0,3,0,1,1,1,3,0,1,0,1,1,0,0,3,0,0,1,3,0,0,1,0,1,3
"Nepal",0,0,0,0,0,0,0,0,0,0,1,0,0,1,0,0,0,0,0,0,1,0,0,0,0,0,0,0,1,0,0,1,0,0,0,0,0,1,0,0,0,2,0,0,0,0,0,1,3,0,0,1,0,0,0,0,0,1,0,0,0,1,3,0,0,0,0,0,0,0,1,0,3,0,0,0,0,3,3,1,0,0,0,0,0,0,0,0,1,0,0,0,0,1,0,0,1,0,0,0,0,0,0,1,0,1,1,0,0,0,1,1,0,3,0,0,0,0,0,1,1,0,0,-1,0,0,0,0,0,0,0,0,0,3,1,3,0,0,0,0,3,0,0,1,0,0,1,0,0,1,0,0,0,1,0,1,0,3,0,0,0,1,0,0,0,0,2,3,0,1,0,0,0,0,0,1,0,1,1,0,0,0,0,0,1,1,0,0,0,0,0,1,0,0,0,0,0,0,0
"Netherlands",0,3,0,3,1,3,3,3,2,3,1,3,1,1,3,3,3,3,0,0,3,3,3,3,3,3,1,0,1,0,2,3,0,0,3,0,3,1,0,0,3,2,3,1,3,3,3,1,3,3,3,1,3,0,0,3,3,1,3,3,3,1,3,3,3,0,3,3,3,0,1,3,3,3,3,3,3,2,3,1,0,3,3,3,3,3,1,3,1,3,3,1,3,1,3,1,3,0,0,3,3,3,3,1,1,3,1,0,3,3,1,3,3,3,3,3,1,3,3,1,1,3,0,1,-1,3,3,0,0,0,3,3,1,0,3,3,3,1,3,3,3,3,3,3,3,0,1,3,3,3,3,3,0,3,3,1,0,3,3,3,3,1,3,3,0,3,2,3,0,1,3,3,0,3,1,1,3,3,1,3,3,3,1,0,3,1,3,3,3,2,3,3,3,3,3,1,0,1,1
"New Zealand",0,3,0,3,1,3,3,3,3,3,1,3,1,1,3,3,3,3,0,0,3,3,3,3,3,3,1,0,1,0,2,1,0,0,3,0,3,1,0,0,3,2,3,1,3,3,3,1,3,3,3,1,3,0,0,3,3,1,3,3,3,1,3,3,3,0,3,3,3,0,1,3,3,3,3,3,3,2,3,1,0,3,3,3,3,3,1,3,1,3,3,1,3,1,3,1,3,0,0,3,3,3,3,1,1,3,1,0,3,1,1,3,3,3,3,3,0,3,3,1,1,3,0,1,3,-1,3,0,0,0,3,3,3,1,1,3,3,1,1,3,3,3,3,3,3,0,1,3,3,1,3,0,0,1,3,1,0,3,3,3,1,1,0,3,0,3,2,3,0,1,3,3,0,3,1,1,3,1,1,1,1,3,3,0,1,1,0,3,3,2,3,3,3,3,3,1,0,1,1
"Nicaragua",0,3,0,3,0,0,3,1,0,3,0,3,0,1,3,3,3,3,0,0,1,3,0,3,0,3,0,0,1,0,0,1,0,0,3,0,0,1,0,0,0,2,3,1,3,3,3,1,3,3,3,1,3,0,0,3,0,1,0,3,3,1,0,0,3,0,3,0,3,0,1,0,3,3,0,3,3,2,3,1,0,3,0,3,0,0,1,0,1,0,3,0,0,1,3,0,1,0,0,3,3,3,1,1,1,3,1,0,3,0,1,1,0,3,3,3,0,3,0,1,0,0,0,1,3,0,-1,0,0,0,3,3,0,0,1,3,3,0,3,0,3,3,3,1,3,3,1,3,1,1,3,0,0,0,0,1,0,3,3,3,0,1,0,3,0,3,2,3,0,1,3,3,0,3,0,1,0,1,1,0,3,0,3,0,1,1,0,0,3,0,3,1,0,3,0,0,0,1,1
"Niger",0,0,0,0,0,0,0,0,0,0,0,0,0,1,0,0,0,0,3,0,1,0,0,0,0,0,3,0,1,0,0,3,3,3,0,0,0,1,1,0,0,3,0,1,0,0,0,1,3,0,3,0,0,0,0,0,0,1,0,0,0,1,3,0,0,3,0,0,0,3,3,0,3,0,3,0,0,2,0,1,0,0,0,0,0,0,0,0,1,0,0,0,0,0,0,0,1,3,0,0,0,0,1,1,0,0,1,3,0,0,3,1,0,3,0,0,0,0,3,1,0,0,0,1,0,0,1,-1,3,0,0,0,0,0,1,0,0,0,0,0,3,0,0,1,0,0,1,0,0,1,0,0,0,3,0,1,3,3,0,0,0,1,0,0,0,0,2,3,0,0,0,0,0,0,0,0,0,1,3,0,0,3,0,0,1,1,0,0,0,0,0,0,0,0,0,0,0,0,0
"Nigeria",0,0,0,0,0,0,0,0,0,0,0,0,0,0,3,0,0,0,3,0,1,0,0,0,0,0,3,0,1,3,0,3,0,3,0,0,0,1,0,0,0,3,0,0,0,0,0,1,3,0,0,0,0,0,0,0,0,1,3,0,0,1,3,0,0,3,0,0,0,3,3,0,3,0,0,0,0,0,0,1,0,0,0,0,0,0,0,0,1,0,0,0,0,0,0,1,1,3,0,0,0,0,0,1,0,0,1,3,0,0,1,1,0,3,0,0,0,0,0,1,0,0,0,0,0,0,0,3,-1,0,0,0,0,0,1,0,0,0,0,0,0,0,0,1,0,0,1,3,0,1,0,0,0,3,0,1,3,0,0,0,0,1,0,0,0,0,0,0,0,0,0,0,0,0,0,0,0,1,3,0,0,0,0,0,1,1,0,0,0,0,0,0,3,0,0,0,0,0,0
"North Korea",0,0,0,0,0,0,0,1,0,0,0,0,0,1,0,3,0,0,0,0,1,0,0,0,0,0,0,0,1,0,0,1,0,0,0,0,0,1,0,0,0,2,0,1,0,0,0,1,3,0,0,0,0,0,0,0,0,1,0,0,0,1,3,0,0,0,0,0,0,0,1,3,3,0,0,0,0,0,0,1,0,0,0,0,0,0,1,0,0,0,0,0,3,1,0,0,1,0,0,0,0,0,1,1,1,0,1,0,0,0,1,0,0,3,0,0,0,0,0,1,1,0,0,1,0,0,1,0,0,-1,0,0,0,0,1,3,0,0,0,0,0,0,0,1,0,0,1,0,0,1,0,0,0,0,0,1,0,0,0,0,0,1,0,0,0,0,2,3,0,0,0,0,0,0,0,1,0,1,1,0,0,0,0,0,1,1,0,0,0,0,0,0,0,0,0,0,0,0,0
"North Macedonia",0,3,0,3,0,3,3,1,0,3,1,3,0,1,0,3,3,0,0,0,1,3,0,3,0,3,0,0,1,0,0,1,0,0,3,0,3,1,0,0,0,2,3,3,3,3,3,1,3,3,3,1,3,0,0,3,0,1,0,3,3,1,3,0,3,0,3,0,3,0,1,0,3,3,3,3,3,2,3,1,0,0,3,3,1,3,1,0,1,0,3,0,1,1,3,1,1,0,0,3,3,3,3,1,1,3,1,0,3,0,1,1,0,3,3,3,0,3,0,1,0,0,0,1,3,0,3,0,0,0,-1,3,1,0,1,3,3,0,0,3,0,3,3,3,3,0,1,0,0,1,3,0,0,0,3,1,0,3,3,3,0,1,0,0,0,3,2,3,0,1,3,3,0,3,0,1,0,1,1,0,0,3,3,0,1,1,3,0,0,0,0,1,0,3,0,1,0,1,1
"Norway",0,3,0,3,1,3,3,3,2,3,1,3,1,1,3,3,3,3,0,0,3,3,3,3,3,3,1,0,1,0,2,3,0,0,3,0,3,1,0,0,3,2,3,1,3,3,3,1,3,3,3,1,3,0,0,3,3,1,3,3,3,1,3,3,3,0,3,3,3,0,1,3,3,3,3,3,3,2,3,1,0,3,3,3,3,3,1,3,1,3,3,1,3,1,3,1,3,0,0,3,3,3,3,1,1,3,1,0,3,3,1,3,3,3,3,3,0,3,3,1,1,3,0,1,3,3,3,0,0,0,3,-1,1,0,1,3,3,1,3,3,3,3,3,3,3,0,1,3,3,1,3,3,0,1,3,1,0,3,3,3,3,1,3,3,0,3,2,3,0,1,3,3,0,3,1,1,3,3,1,3,3,3,1,0,3,1,3,3,3,2,3,3,3,3,3,3,0,1,1
"Oman",0,0,0,0,0,0,0,1,0,0,1,3,3,1,0,3,0,0,0,0,1,3,3,0,3,0,0,0,1,0,0,1,0,0,0,0,0,1,0,0,0,2,0,1,0,0,0,1,3,0,3,3,0,0,0,0,0,1,0,0,0,1,0,3,0,0,0,0,0,0,1,0,3,0,3,0,0,2,3,1,0,0,0,0,0,0,3,0,1,0,3,3,3,1,0,3,1,0,0,0,0,0,1,1,0,3,1,0,0,0,1,3,0,3,0,0,0,0,3,1,0,0,0,1,0,3,1,0,0,0,0,0,-1,1,1,3,0,0,1,0,3,0,0,3,0,0,1,0,0,1,0,0,3,1,3,1,0,3,0,0,0,1,0,3,0,0,2,3,0,1,0,0,3,1,1,1,3,1,1,0,0,3,1,0,1,1,0,3,2,0,0,1,3,0,0,0,1,0,0
"Pakistan",0,0,0,0,0,0,0,0,0,0,1,0,0,0,0,0,0,0,0,0,1,0,0,0,0,0,0,0,1,0,0,1,0,0,0,0,0,1,0,0,0,2,0,0,0,0,0,1,3,0,0,0,0,0,0,0,0,1,0,0,0,1,0,0,0,0,0,0,0,0,1,0,3,0,0,0,0,0,0,0,0,0,0,0,0,0,0,0,1,0,0,0,0,0,0,0,1,0,0,0,0,0,0,1,0,1,1,0,0,0,1,0,0,3,0,0,0,0,0,1,1,0,0,1,0,0,0,0,0,0,0,0,0,-1,1,0,0,0,0,0,0,0,0,3,0,0,1,0,0,1,0,0,0,0,0,1,0,0,0,0,0,1,0,0,0,0,0,3,0,1,0,0,0,0,0,0,0,1,1,0,3,0,1,0,1,1,0,0,0,0,0,0,3,0,0,0,0,0,0
"Palau",0,0,0,3,0,0,0,1,0,3,0,0,0,1,0,0,3,3,0,0,1,3,0,0,0,3,0,0,1,0,0,1,0,0,0,0,3,1,0,0,3,2,3,1,3,3,3,1,3,0,3,1,0,0,0,3,0,1,3,3,3,1,3,0,3,0,3,0,0,0,1,0,3,0,3,3,3,2,3,1,0,0,3,3,0,0,1,0,1,3,3,0,0,1,3,0,1,0,0,3,3,3,1,1,1,3,1,0,3,3,1,1,3,3,3,3,0,0,0,1,0,0,1,1,3,0,1,0,0,0,0,3,0,0,-1,3,3,1,0,3,3,3,3,1,3,3,1,0,1,1,3,0,0,1,0,1,0,3,3,3,1,1,0,3,0,3,2,3,0,1,3,3,0,3,0,1,0,1,1,1,0,0,1,0,1,1,0,0,3,3,0,1,3,3,0,1,0,0,1
"Palestine",0,0,0,0,0,0,0,0,0,0,0,0,0,1,0,0,0,0,0,0,3,0,0,0,0,0,0,0,1,0,0,1,0,0,0,0,0,1,0,0,0,2,0,1,0,0,0,1,3,0,3,0,0,0,0,0,3,1,0,0,0,1,0,0,0,0,0,0,0,0,1,0,0,0,0,0,0,2,3,1,0,0,0,0,0,0,3,0,0,0,0,0,0,1,0,0,1,0,0,0,0,0,1,1,0,3,1,0,0,0,1,0,0,3,0,0,0,0,0,1,0,0,0,0,0,0,3,0,0,0,0,0,0,0,1,-1,0,0,0,0,0,0,0,1,0,0,1,0,1,1,0,0,0,1,0,1,0,0,0,0,0,1,0,0,0,0,2,3,0,1,0,0,0,0,0,0,0,1,1,0,0,0,0,0,1,1,0,0,0,0,0,0,0,0,3,0,0,0,1
"Panama",0,3,0,3,0,3,3,1,0,3,1,3,0,1,3,3,3,3,0,0,3,3,0,3,0,3,0,0,1,0,0,1,0,0,3,0,3,1,0,0,3,2,3,1,3,3,3,1,3,3,3,1,3,0,0,3,0,1,0,3,3,1,0,3,3,0,3,0,3,0,1,3,0,3,3,3,3,2,3,1,0,3,3,3,3,0,1,0,1,0,3,0,0,1,3,1,1,0,0,3,3,3,1,1,1,3,1,0,3,0,1,1,3,3,3,3,0,3,0,1,1,0,0,1,3,0,3,0,0,0,3,3,0,0,1,3,-1,0,3,3,3,3,3,3,3,3,1,3,3,1,3,0,0,0,0,1,0,3,3,3,0,1,3,3,0,3,2,3,0,1,3,3,0,1,0,1,0,1,1,0,3,0,3,0,1,1,3,0,3,0,3,1,0,3,0,1,0,1,1
"Papua New Guinea",0,0,0,0,0,3,0,1,0,0,0,3,0,3,0,0,0,3,0,0,1,0,3,0,0,0,0,0,1,0,2,1,0,0,0,0,3,1,0,0,0,2,0,1,0,0,0,1,3,3,3,1,0,0,0,0,3,1,3,0,0,1,3,0,0,0,0,3,0,0,1,0,3,0,3,0,0,2,3,1,0,0,3,0,3,0,0,0,3,0,3,0,0,1,0,0,3,0,0,0,0,0,1,1,1,3,1,0,0,1,1,3,0,3,0,0,0,0,0,1,0,0,1,1,0,0,1,0,0,0,0,0,0,0,1,3,3,-1,0,3,3,0,0,1,0,0,1,3,1,1,0,0,0,1,0,1,0,3,0,0,1,1,0,0,0,0,2,3,0,1,0,0,0,0,0,3,1,1,1,1,0,0,1,0,1,1,0,0,3,0,0,0,3,0,0,1,0,0,1
"Paraguay",0,3,0,3,0,0,3,1,0,3,1,3,1,1,0,0,3,3,0,0,3,3,3,3,0,3,1,0,1,0,0,1,0,0,3,0,3,1,0,0,3,2,3,1,3,3,3,1,3,3,3,1,3,0,0,3,0,1,3,3,3,1,0,0,3,0,3,0,3,0,1,0,3,3,3,3,3,2,3,1,0,3,3,3,3,0,1,0,1,0,3,0,0,1,3,0,1,0,0,3,3,3,1,1,1,3,1,0,3,0,1,3,3,3,3,3,0,3,0,1,0,0,0,1,3,0,3,0,0,0,3,3,1,1,1,3,3,0,-1,3,3,3,3,3,3,3,1,3,1,1,3,0,0,0,3,1,0,3,3,3,0,1,3,3,0,3,2,3,0,1,3,3,0,3,0,1,0,1,1,0,0,0,3,0,1,1,3,3,3,0,3,1,0,3,3,0,0,1,1
"Peru",0,3,0,3,0,3,3,1,0,3,1,3,1,1,3,3,3,3,0,0,3,3,3,3,3,3,0,0,1,0,0,1,0,0,3,0,3,1,0,0,3,2,3,1,3,3,3,1,3,3,3,1,0,0,0,3,0,1,3,3,3,1,0,0,3,0,3,0,3,0,1,3,3,3,3,3,3,2,3,1,0,0,3,3,3,0,1,0,1,0,0,0,0,1,3,1,1,0,0,3,3,3,1,1,1,3,1,0,3,1,1,1,3,3,3,3,0,3,3,1,1,0,0,1,3,0,1,0,0,0,3,3,0,0,1,3,3,1,3,-1,3,3,3,3,3,3,1,3,1,1,3,0,0,0,3,1,0,3,3,3,0,1,3,3,0,3,2,3,0,1,3,3,0,1,0,1,3,1,1,0,3,0,3,0,1,1,0,0,0,0,3,1,3,3,3,1,0,1,1
"Philippines",0,0,0,0,0,0,0,1,0,0,0,0,0,0,0,0,0,0,0,0,3,0,0,3,3,0,0,0,3,0,0,1,0,0,0,0,3,1,0,0,3,3,0,0,0,0,0,1,3,0,3,0,0,0,0,0,0,1,3,0,0,1,3,0,0,0,0,0,0,0,1,0,3,0,3,0,0,2,3,1,0,0,3,0,0,0,0,0,1,0,0,0,1,3,0,0,1,0,0,0,0,0,3,1,1,3,1,0,0,1,1,1,0,3,0,0,3,0,3,1,3,0,0,1,0,0,1,0,0,0,0,0,0,0,1,3,0,1,0,3,-1,0,0,1,0,0,3,0,1,1,0,0,0,1,0,1,0,3,0,0,0,1,0,0,0,0,2,3,0,3,0,0,0,3,1,1,3,1,1,0,1,0,0,0,1,1,0,0,0,0,0,1,3,0,0,3,0,0,0
"Poland",0,3,0,3,1,3,3,3,2,3,1,3,1,1,3,3,3,3,0,0,3,3,3,3,3,3,1,0,1,0,2,3,0,0,3,0,3,1,0,0,3,2,3,1,3,3,3,1,3,3,3,1,3,0,0,3,3,1,3,3,3,1,3,3,3,0,3,3,3,0,1,0,3,3,3,3,3,2,3,1,0,3,3,3,3,3,1,3,1,3,3,1,3,1,3,1,1,0,0,3,3,3,3,1,1,3,1,0,3,3,1,3,3,3,3,3,0,3,3,1,1,0,0,1,3,3,3,0,0,0,3,3,1,0,3,3,3,1,3,3,3,-1,3,3,3,0,1,3,3,3,3,3,0,3,3,1,0,3,3,3,3,1,3,3,0,3,2,3,0,1,3,3,0,3,1,1,3,3,1,3,3,3,1,0,3,1,3,3,3,0,3,3,3,3,3,1,0,1,1
"Portugal",0,3,0,3,1,3,3,3,2,3,1,3,1,1,3,3,3,3,0,0,3,3,3,3,3,3,1,0,1,0,2,3,0,0,3,0,3,1,0,0,3,2,3,1,3,3,3,1,3,3,3,1,3,0,0,3,3,1,3,3,3,1,1,3,3,0,3,3,3,0,1,3,3,3,3,3,3,2,3,1,0,3,3,3,3,3,1,3,1,3,3,1,3,1,3,1,3,0,0,3,3,3,3,1,1,3,1,0,3,3,1,3,3,3,3,3,1,3,3,1,1,3,0,1,3,3,3,0,0,0,3,3,1,0,3,3,3,1,3,3,3,3,-1,3,3,0,1,3,3,3,3,3,0,3,3,1,0,3,3,3,3,1,3,3,0,3,2,3,0,1,3,3,0,3,1,1,3,3,1,3,3,3,1,0,3,1,3,3,3,2,3,3,3,3,3,1,0,1,1
"Qatar",0,3,0,0,0,0,3,3,0,0,1,3,0,1,0,3,0,0,0,0,1,3,3,0,1,0,0,0,1,0,0,1,0,0,0,3,3,1,0,0,3,2,0,1,0,0,0,1,3,3,3,0,3,0,0,0,3,1,0,0,0,1,0,3,0,0,0,0,3,0,1,0,3,3,3,0,0,2,3,1,0,0,0,0,0,0,3,0,1,0,3,3,0,1,0,3,1,0,0,0,0,0,1,1,0,3,1,0,0,0,1,3,0,3,0,0,0,3,3,1,1,0,0,1,0,3,3,0,0,0,0,0,3,1,1,3,3,0,1,0,3,0,0,-1,0,0,1,3,0,1,0,3,0,0,3,1,0,3,0,0,0,1,0,3,0,0,2,3,3,1,0,0,3,1,1,1,3,1,1,0,0,3,3,0,1,1,3,0,2,0,0,1,3,0,0,1,1,0,0
"Romania",0,3,0,3,1,3,3,3,2,3,1,3,1,1,3,3,3,3,0,0,1,3,3,3,3,3,0,0,1,0,2,3,0,0,3,0,3,1,0,0,3,2,3,1,3,3,3,1,3,3,3,1,3,0,0,3,0,1,3,3,3,1,3,3,3,0,3,3,3,0,1,0,3,3,3,3,3,2,3,1,0,3,3,3,1,3,1,3,1,3,3,1,1,1,3,1,1,0,0,3,3,3,3,1,1,3,1,0,3,3,1,3,3,3,3,3,1,3,3,1,1,0,0,1,3,3,3,0,0,0,3,3,1,0,3,3,3,1,3,3,3,3,3,3,-1,0,1,3,3,3,3,3,0,3,3,1,0,3,3,3,3,1,0,3,0,3,2,3,0,1,3,3,0,3,1,3,1,3,1,3,3,3,3,0,3,1,3,3,3,0,3,3,3,3,3,1,0,3,1
"Russian Federation",0,3,0,0,1,3,3,3,0,0,3,3,1,1,3,3,0,0,0,0,3,3,3,3,3,0,0,0,1,0,0,1,0,0,3,0,3,1,0,0,3,2,0,3,0,0,0,1,3,3,3,1,3,0,0,0,3,1,3,0,0,1,3,3,0,0,0,3,3,0,1,3,3,3,3,0,0,2,3,1,0,0,3,0,3,0,1,3,1,0,0,0,3,3,0,1,1,0,0,0,0,0,3,1,0,3,1,0,0,1,1,3,2,3,3,0,3,3,3,1,1,3,1,1,0,0,3,0,0,0,3,0,1,0,3,3,3,0,3,3,3,0,0,3,0,-1,1,3,3,3,0,3,0,1,3,3,0,0,0,0,0,1,3,3,0,0,2,3,0,0,0,0,0,3,3,1,3,1,1,1,3,3,3,0,1,1,3,3,0,0,3,3,3,0,3,3,0,1,1
"Rwanda",0,0,0,0,3,0,0,0,0,0,0,0,0,1,0,0,0,0,3,0,1,0,0,0,0,0,0,3,1,0,0,1,3,0,0,0,0,1,1,3,0,2,0,1,0,0,0,1,3,0,3,0,0,0,0,0,0,1,0,0,0,1,0,0,0,1,0,3,0,0,1,0,3,0,0,0,0,2,3,1,0,0,0,0,0,0,1,0,3,0,0,0,0,1,0,0,1,0,0,0,0,0,1,1,0,0,1,1,0,0,1,3,0,3,0,0,0,0,0,1,0,0,0,1,0,0,1,0,0,0,0,0,0,1,1,3,0,0,0,0,3,0,0,1,0,0,-1,0,0,1,0,3,0,1,0,1,0,3,0,0,0,1,0,0,1,0,2,3,0,1,0,0,0,0,0,3,0,1,1,0,0,0,0,0,1,3,0,0,0,0,0,0,3,0,0,0,0,1,1
"Saint Kitts and Nevis",0,3,0,3,0,3,3,1,0,3,0,3,0,3,3,0,3,3,0,0,1,3,3,3,0,3,0,0,1,0,0,1,0,0,3,0,3,1,0,0,3,2,3,3,3,3,3,1,3,3,3,1,3,0,0,3,0,1,3,3,3,1,3,0,3,0,3,3,3,0,1,3,3,3,3,3,3,2,3,1,0,3,3,3,3,0,1,0,3,3,3,0,0,1,3,1,3,0,0,3,3,3,1,1,3,3,1,0,3,0,1,3,0,3,3,3,0,3,0,1,0,0,0,1,3,0,3,0,0,0,3,3,0,1,1,3,3,0,0,3,3,3,3,1,3,3,1,-1,3,1,3,0,0,1,3,1,0,3,3,3,1,1,0,3,0,3,2,3,0,3,3,3,0,3,0,3,0,1,1,1,3,3,3,0,1,1,3,0,3,0,3,1,3,3,3,0,0,3,3
"Saint Lucia",0,0,0,3,0,3,3,1,0,3,0,3,0,1,3,0,3,3,0,0,1,3,3,0,0,3,0,0,1,0,0,1,0,0,3,0,3,1,0,0,3,2,3,3,3,3,3,1,3,3,3,1,3,0,0,3,3,1,3,3,3,1,3,0,3,0,3,3,3,0,1,3,3,3,3,3,3,2,3,1,0,3,3,3,3,0,1,0,3,3,3,0,0,1,3,0,3,0,0,3,3,3,1,1,3,3,1,0,3,0,1,3,0,3,3,3,0,3,0,1,0,0,0,1,3,0,3,0,0,0,0,3,0,1,1,3,3,0,0,3,3,3,3,1,3,0,1,3,-1,1,3,0,0,1,0,1,0,3,3,3,1,1,0,3,0,3,2,3,0,3,3,3,0,3,0,3,0,1,1,1,3,3,1,0,1,1,0,0,3,0,0,1,3,3,3,0,0,3,3
"Samoa",0,0,0,3,0,3,0,1,0,3,0,3,0,3,3,0,3,3,0,0,1,3,3,0,0,3,0,0,1,0,2,1,0,0,0,0,3,1,0,0,3,2,3,1,3,3,3,1,3,0,3,1,0,0,0,3,3,1,3,3,3,1,3,0,3,0,3,3,0,0,1,0,3,0,3,3,3,2,3,1,0,3,0,3,3,0,1,0,3,3,3,0,0,1,3,1,3,0,0,3,3,3,3,1,3,3,1,0,3,1,1,3,0,3,3,3,0,3,0,1,0,0,1,1,3,0,1,0,0,0,0,3,0,3,1,3,3,1,0,3,3,3,3,1,3,3,1,0,3,-1,3,0,0,1,0,1,0,3,3,3,1,1,0,3,0,3,2,3,0,1,3,3,0,0,0,3,0,1,1,1,3,0,1,0,1,1,0,0,3,0,0,1,3,3,0,0,0,3,3
"San Marino",0,3,0,3,0,3,3,3,2,3,1,3,1,1,3,3,3,0,0,0,1,3,3,3,0,3,0,0,1,0,2,3,0,0,3,3,3,1,0,0,3,2,3,1,3,3,3,1,3,3,3,1,3,0,0,3,3,1,0,3,3,1,3,3,3,0,3,3,3,0,1,0,3,3,3,3,3,2,3,1,0,3,3,3,3,3,1,0,3,0,3,1,3,1,3,1,3,0,0,3,3,3,3,1,1,3,1,0,3,0,1,3,3,3,3,3,0,3,3,1,0,0,0,1,3,3,3,0,0,0,3,3,1,0,1,3,3,1,0,3,3,3,3,3,3,0,1,0,3,1,-1,3,0,1,3,1,0,3,3,3,1,1,3,3,0,3,2,3,0,1,3,3,0,3,0,1,3,1,1,0,0,3,3,0,1,1,3,3,3,2,3,3,3,3,3,1,0,1,1
"Sao Tome and Principe",0,0,0,0,1,0,0,0,0,0,0,3,0,1,0,0,0,0,3,0,1,0,0,0,0,0,1,0,1,0,0,1,0,0,0,0,0,1,0,0,3,2,0,1,0,0,0,1,3,0,3,1,3,0,0,0,0,1,0,0,0,1,0,0,0,1,0,0,3,0,1,0,3,3,3,0,0,0,3,1,0,0,0,0,0,0,1,0,1,0,3,0,0,1,0,0,1,0,0,0,0,0,1,1,1,3,1,0,0,0,1,1,0,3,0,0,0,0,0,1,0,0,0,1,0,0,3,0,0,0,0,0,0,0,1,3,3,0,0,0,3,0,0,1,0,0,3,0,1,1,0,-1,0,0,0,1,0,3,0,0,0,1,0,0,0,0,2,3,0,1,0,0,0,0,0,1,0,1,1,0,0,0,0,0,1,1,0,0,0,0,0,0,0,0,0,0,0,1,1
"Saudi Arabia",0,3,0,0,0,0,0,0,0,0,1,0,3,1,0,3,0,0,0,0,1,0,3,0,1,0,0,0,1,0,0,1,0,0,0,0,0,1,0,0,0,2,0,1,0,0,0,1,3,0,3,3,3,0,0,0,0,1,0,0,0,1,0,3,0,0,0,0,3,0,1,0,3,3,3,0,0,0,3,1,0,0,0,0,0,0,3,0,1,0,3,3,3,1,0,3,1,0,0,0,0,0,1,1,1,3,1,0,0,0,1,3,0,3,0,0,0,0,3,1,1,0,0,1,0,3,3,0,0,0,0,0,3,1,1,3,3,0,0,0,3,0,0,3,0,0,1,3,0,1,0,0,-1,0,0,1,0,0,0,0,0,1,0,3,0,0,2,3,0,0,0,0,3,1,1,1,1,1,1,0,0,3,1,0,1,1,0,3,0,0,0,1,3,0,0,0,1,0,0
"Senegal",0,0,0,0,0,0,0,0,0,0,0,0,0,1,0,0,0,0,3,0,1,0,0,0,0,0,3,0,1,0,0,3,3,3,0,0,0,1,1,0,0,3,0,1,0,0,0,1,3,0,0,0,0,0,0,0,0,1,0,0,0,1,3,0,0,3,0,0,0,3,3,0,3,0,0,0,0,2,3,1,0,0,0,0,0,0,0,0,1,0,0,0,0,0,0,0,1,3,0,0,0,0,1,1,0,3,1,3,0,0,3,1,0,3,0,0,0,0,3,1,0,0,0,1,0,0,1,3,3,0,0,0,0,0,1,3,0,0,0,0,3,0,0,1,0,0,3,0,1,1,0,0,0,-1,0,1,3,3,0,0,0,1,0,0,0,0,2,3,0,1,0,0,0,0,0,0,0,1,3,0,0,3,0,0,1,1,0,0,0,0,0,1,0,0,0,0,0,0,1
"Serbia",0,3,0,3,0,0,3,1,0,3,1,0,0,1,0,3,3,0,0,0,1,3,0,3,0,3,0,0,1,0,0,1,0,0,3,3,3,1,0,0,3,2,3,3,3,3,3,1,3,3,3,1,0,0,0,3,3,1,3,3,3,1,3,3,3,0,3,0,0,0,1,0,3,0,3,3,3,2,3,1,0,0,3,3,1,3,1,3,1,0,3,1,3,1,3,1,1,0,0,3,3,3,3,1,0,1,1,0,3,0,1,1,0,3,3,3,3,3,0,1,1,0,0,1,3,0,1,0,0,0,3,3,1,0,1,3,3,0,0,3,0,3,3,1,3,3,1,0,0,1,3,0,0,0,-1,1,0,3,3,3,0,1,0,3,0,3,2,3,0,3,3,3,0,0,0,1,0,1,1,0,3,3,3,0,1,1,3,0,0,0,3,3,3,3,0,1,0,3,1
"Seychelles",0,3,3,3,3,3,0,0,0,3,1,3,0,3,3,3,3,3,3,0,1,3,3,3,0,3,0,0,1,0,0,1,0,0,0,3,0,1,0,0,3,3,3,1,3,3,3,1,3,3,3,1,0,0,0,3,3,1,3,3,3,1,3,3,3,1,3,3,0,0,1,0,3,0,3,3,3,2,3,1,0,3,0,3,3,0,1,0,3,3,3,0,0,1,3,0,3,0,0,3,3,3,3,1,3,3,1,0,3,1,1,3,0,3,3,3,0,3,0,1,0,3,0,1,3,3,1,0,3,0,3,3,1,0,1,3,3,0,0,0,3,3,3,3,3,3,3,3,3,1,3,0,0,1,3,-1,0,3,3,3,0,1,3,3,0,3,1,3,0,1,3,3,0,0,0,3,0,1,1,1,3,3,3,0,1,3,0,3,3,0,3,1,3,3,0,0,0,3,3
"Sierra Leone",0,0,0,0,0,0,0,0,0,0,0,3,0,3,3,0,0,3,3,0,1,0,3,0,0,0,3,0,1,0,0,3,0,0,0,0,0,1,0,0,0,3,0,0,0,0,0,1,3,0,3,0,0,0,0,0,3,1,3,0,0,1,3,0,0,3,0,3,0,3,3,0,3,0,0,0,0,2,0,1,0,0,0,0,3,0,0,0,3,3,0,0,0,0,0,0,3,3,0,0,0,0,1,1,1,3,1,3,0,0,1,3,0,3,0,0,0,0,0,1,0,0,0,1,0,0,0,3,3,0,0,0,0,0,1,0,0,0,0,0,0,0,0,1,0,0,1,3,1,1,0,0,0,3,0,1,-1,3,0,0,0,1,0,0,0,0,0,3,0,0,0,0,0,0,0,0,0,1,3,0,3,0,0,0,1,3,0,3,0,0,0,0,3,0,0,0,0,0,0
"Singapore",0,3,0,3,3,3,3,3,2,3,1,3,1,1,3,3,3,3,0,0,1,3,3,3,3,3,3,0,3,0,2,3,0,0,3,3,3,1,0,0,3,3,3,3,3,3,3,3,3,3,3,1,3,0,0,3,3,1,3,3,3,1,3,3,3,3,3,3,3,3,1,0,3,3,3,3,3,2,3,1,0,3,3,3,3,3,1,3,3,3,3,1,3,3,3,1,3,0,0,3,3,3,3,1,1,3,1,0,3,1,1,3,3,3,3,3,3,3,3,1,3,3,0,1,3,3,3,0,0,0,3,3,1,1,1,3,3,1,3,3,3,3,3,3,3,0,3,3,3,1,3,0,0,3,3,1,0,-1,3,3,1,1,3,3,0,3,1,3,0,1,3,3,0,3,1,3,3,1,1,1,3,3,3,0,1,3,0,3,3,2,3,3,3,3,0,3,0,3,3
"Slovakia",0,3,0,3,1,3,3,3,2,3,1,3,1,1,3,3,3,3,0,0,3,3,3,3,3,3,1,0,1,0,2,3,0,0,3,0,3,1,0,0,3,2,3,1,3,3,3,1,3,3,3,1,3,0,0,3,3,1,3,3,3,1,0,3,3,0,3,3,3,0,1,0,3,3,3,3,3,2,3,1,0,3,3,3,3,3,1,3,1,3,3,1,3,1,3,1,1,0,0,3,3,3,3,1,1,3,1,0,3,3,1,3,3,3,3,3,1,3,3,1,1,0,0,1,3,3,3,0,0,0,3,3,1,0,3,3,3,1,3,3,3,3,3,3,3,0,1,3,3,3,3,3,0,3,3,1,0,3,-1,3,3,1,0,3,0,3,2,3,0,1,3,3,0,3,1,1,3,3,1,3,3,3,3,0,3,1,3,3,3,2,3,3,3,3,3,1,0,1,1
"Slovenia",0,3,0,3,1,3,3,3,2,3,1,3,1,1,3,3,3,3,0,0,3,3,3,3,3,3,1,0,1,0,2,3,0,0,3,0,3,1,0,0,3,2,3,1,3,3,3,1,3,3,3,1,3,0,0,3,3,1,3,3,3,1,3,3,3,0,3,3,3,0,1,0,3,3,3,3,3,2,3,1,0,3,3,3,3,3,1,3,1,3,3,1,3,1,3,1,1,0,0,3,3,3,3,1,1,3,1,0,3,3,1,3,3,3,3,3,1,3,3,1,1,0,0,1,3,3,3,0,0,0,3,3,1,0,3,3,3,1,3,3,3,3,3,3,3,0,1,3,3,3,3,3,0,3,3,1,0,3,3,-1,3,1,0,3,0,3,2,3,0,1,3,3,0,3,1,1,3,3,1,3,3,3,3,0,3,1,3,3,3,2,3,3,3,3,3,1,0,1,1
"Solomon Islands",0,0,0,3,0,3,0,1,0,3,0,3,0,1,3,0,3,3,0,0,1,3,3,0,0,3,0,0,1,0,2,1,0,0,0,0,3,1,0,0,3,2,3,1,3,3,3,1,3,3,3,1,3,0,0,3,3,1,3,3,3,1,3,0,3,0,3,3,3,0,1,0,3,3,0,3,3,2,3,1,0,3,3,3,3,0,1,0,3,3,3,0,0,1,3,0,3,0,0,3,3,3,1,1,1,3,1,0,3,1,1,3,0,3,3,3,0,0,0,1,0,0,1,1,3,0,3,0,0,0,0,3,0,0,1,3,3,1,0,3,3,3,3,1,3,0,1,3,3,1,3,0,0,0,0,1,0,3,3,3,-1,1,0,3,0,3,2,3,0,1,3,3,0,1,0,3,0,1,1,1,3,0,0,0,1,3,0,0,3,0,0,1,3,3,0,1,0,3,3
"Somalia",0,0,0,0,0,0,0,0,0,0,0,0,0,1,0,0,0,0,3,0,1,0,0,0,0,0,1,0,1,0,0,1,0,0,0,0,0,1,0,0,0,2,0,0,0,0,0,1,3,0,0,0,0,0,0,0,0,1,0,0,0,1,0,0,0,1,0,0,0,0,1,0,3,0,0,0,0,0,0,0,0,0,0,0,0,0,0,0,0,0,0,0,0,1,0,1,1,0,0,0,0,0,1,1,0,3,1,0,0,0,1,0,0,3,0,0,0,0,0,1,0,0,0,0,0,0,0,0,0,0,0,0,0,0,1,3,0,0,0,0,0,0,0,1,0,0,1,0,0,1,0,0,0,0,0,1,0,0,0,0,0,-1,0,0,0,0,2,3,0,1,0,0,0,0,0,0,0,1,1,0,0,0,1,0,1,1,0,0,0,0,0,0,0,0,0,0,0,0,0
"South Africa",0,0,0,0,3,3,3,1,0,0,1,3,0,0,3,0,0,3,3,0,1,0,3,3,0,0,0,0,1,0,0,1,0,0,3,0,0,1,0,0,3,2,0,1,0,0,0,1,3,3,3,0,3,0,0,0,3,1,3,0,0,1,0,3,0,1,0,3,3,0,1,3,3,3,3,0,0,2,3,1,0,3,3,0,3,0,1,0,3,0,3,0,1,1,0,0,3,0,0,0,0,0,3,1,3,3,1,0,0,1,1,3,0,3,0,0,0,0,0,3,1,3,0,1,0,0,3,0,0,0,0,0,1,0,1,3,3,0,3,3,3,0,0,3,0,3,1,3,3,1,0,0,0,1,0,1,0,3,0,0,0,1,-1,3,0,0,2,3,0,1,0,0,0,0,1,3,3,1,1,0,3,3,1,0,1,1,0,0,0,0,3,0,3,0,3,0,0,3,3
"South Korea",0,3,0,3,1,3,3,3,2,3,1,3,1,1,3,3,3,3,0,0,1,3,3,3,3,3,0,0,1,0,2,1,0,0,3,0,3,1,0,0,3,2,3,1,3,3,3,1,3,3,3,1,3,0,0,3,3,1,3,3,3,1,3,3,3,0,3,3,3,0,1,3,3,3,3,3,3,2,3,1,0,3,3,3,3,3,1,3,1,3,3,1,3,3,3,1,3,3,0,3,3,3,3,1,1,3,1,0,3,1,1,3,3,3,3,3,0,3,3,1,3,0,0,1,3,3,3,0,0,0,3,3,1,1,1,3,3,1,3,3,3,3,3,3,3,3,1,3,3,1,3,3,0,3,3,1,0,3,3,3,1,1,3,-1,0,3,2,3,0,3,3,3,0,3,1,1,3,1,1,1,3,3,3,0,1,1,3,3,3,2,3,3,3,3,3,3,0,1,1
"South Sudan",0,0,0,0,0,0,0,0,0,0,0,0,0,1,0,0,0,0,3,0,1,0,3,0,0,0,0,3,1,0,0,1,0,0,0,0,0,1,0,0,0,2,0,1,0,0,0,1,3,0,3,1,0,0,0,0,0,1,0,0,0,1,0,0,0,1,0,0,0,0,1,0,3,0,0,0,0,0,0,1,0,0,0,0,0,0,0,0,1,0,0,0,0,1,0,0,1,0,0,0,0,0,1,1,0,3,1,0,0,0,1,0,0,3,0,0,0,0,0,1,0,0,0,1,0,0,0,0,0,0,0,0,0,0,1,3,0,0,0,0,0,0,0,1,0,0,3,0,0,1,0,0,0,0,0,1,0,3,0,0,0,1,0,0,-1,0,2,3,0,0,0,0,0,0,0,1,0,1,1,0,0,0,1,0,1,1,0,0,0,0,0,0,0,0,0,0,0,0,0
"Spain",0,3,0,3,1,3,3,3,2,3,1,3,1,1,3,3,3,3,0,0,3,3,3,3,3,3,1,0,1,0,2,3,0,0,3,0,3,1,0,0,3,2,3,1,3,3,3,1,3,3,3,1,3,0,0,3,3,1,3,3,3,1,1,3,3,0,3,3,3,0,1,3,3,3,3,3,3,2,3,1,0,3,3,3,3,3,1,3,1,3,3,1,3,1,3,1,3,0,0,3,3,3,3,1,1,3,1,0,3,3,1,3,3,3,3,3,1,3,3,1,1,3,0,1,3,3,3,0,0,0,3,3,1,1,3,3,3,1,3,3,3,3,3,3,3,0,1,3,3,3,3,3,0,3,3,1,0,3,3,3,3,1,3,3,0,-1,2,3,0,1,3,3,0,3,1,1,3,3,1,3,3,3,1,0,3,1,3,3,3,2,3,3,3,3,3,3,0,1,1
"Sri Lanka",0,0,0,0,0,0,0,0,0,0,1,3,0,0,3,0,0,0,0,0,1,0,0,0,0,0,0,0,1,0,0,1,0,0,0,0,0,1,0,0,0,2,0,0,0,0,0,1,3,0,3,0,0,0,0,0,0,1,0,0,0,1,3,0,0,0,0,3,0,0,1,0,3,0,0,0,0,2,3,1,0,0,0,0,0,0,0,0,1,0,0,0,0,1,0,0,3,0,0,0,0,0,0,1,0,1,1,0,0,0,1,1,0,3,0,0,0,0,0,1,1,0,0,1,0,0,0,0,0,0,0,0,0,1,1,0,0,0,0,0,0,0,0,1,0,0,1,3,0,1,0,0,0,0,0,1,0,3,0,0,0,1,0,0,0,0,-1,3,0,0,0,0,0,0,0,0,0,1,1,0,0,0,0,0,1,1,0,0,0,0,0,1,3,0,0,0,0,0,0
"Saint Vincent and the Grenadines",0,0,0,3,0,3,3,1,0,3,0,3,0,1,3,3,3,3,0,0,1,3,3,3,0,3,0,0,1,0,0,1,0,0,3,0,3,1,0,0,3,2,3,3,3,3,3,1,3,3,3,1,3,0,0,3,0,1,3,3,3,1,3,3,3,0,3,3,3,0,1,3,3,3,3,3,3,2,3,1,0,3,3,3,3,0,1,0,3,3,3,0,0,1,3,0,3,0,0,3,3,3,1,1,3,3,1,0,3,1,1,3,0,3,3,3,0,3,0,1,0,0,0,1,3,0,3,0,0,0,0,3,0,0,1,3,3,0,0,3,3,3,3,1,3,3,1,3,3,1,3,0,0,1,3,1,0,3,3,3,1,1,3,3,0,3,2,-1,0,3,3,3,0,3,0,3,0,1,1,1,3,0,1,0,1,3,0,3,3,0,3,1,3,3,3,0,0,3,3
"Sudan",0,0,0,0,0,0,0,0,0,0,0,0,0,1,0,0,0,0,3,0,1,0,0,0,0,0,0,0,1,0,0,1,0,0,0,0,0,1,0,0,0,2,0,0,0,0,0,1,3,0,3,0,0,0,1,0,0,1,0,0,0,1,0,0,0,1,0,0,0,0,1,0,3,0,0,0,0,0,0,1,0,0,0,0,0,0,0,0,1,0,0,0,0,0,0,1,1,0,0,0,0,0,1,1,0,3,1,0,0,0,1,0,0,3,0,0,0,0,0,1,0,0,0,1,0,0,0,0,0,0,0,0,0,0,1,0,0,0,0,0,0,0,0,1,0,0,1,0,1,1,0,0,0,0,0,1,0,0,0,0,0,1,0,0,0,0,0,3,-1,0,0,0,3,0,0,1,0,1,1,0,0,0,1,0,1,1,0,0,0,0,0,0,0,0,0,0,0,0,0
"Suriname",0,0,0,0,0,3,3,1,0,0,0,3,1,1,3,0,0,3,0,0,1,0,0,3,0,0,0,0,1,0,0,1,0,0,0,0,3,1,0,0,3,2,0,1,0,0,0,1,3,3,3,1,0,0,0,0,0,1,0,0,0,1,3,0,0,0,0,3,0,0,1,3,3,0,3,0,0,2,3,1,0,0,3,0,3,3,1,0,1,0,0,0,0,0,0,0,1,0,0,0,0,0,1,1,1,3,1,0,0,0,1,3,0,3,0,0,0,0,0,1,0,0,0,1,0,0,1,0,0,0,0,0,1,0,1,3,0,0,0,3,3,0,0,3,0,3,1,3,3,1,0,0,0,1,3,1,0,3,0,0,0,1,0,3,0,0,2,3,0,-1,0,0,0,0,0,1,0,1,1,0,3,0,1,0,1,1,0,0,0,0,0,1,0,0,0,0,0,1,1
"Sweden",0,3,0,3,1,3,3,3,2,3,1,3,1,1,3,3,3,3,0,0,3,3,3,3,3,3,1,0,1,0,2,3,0,0,3,0,3,1,0,0,3,2,3,1,3,3,3,1,3,3,3,1,3,0,0,3,3,1,3,3,3,1,3,3,3,0,3,3,3,0,1,3,3,3,3,3,3,2,3,1,0,3,3,3,3,3,1,3,1,3,3,1,3,1,3,1,3,0,0,3,3,3,3,1,1,3,1,0,3,3,1,3,3,3,3,3,0,3,3,1,1,3,0,1,3,3,3,0,0,0,3,3,1,1,3,3,3,1,3,3,3,3,3,3,3,0,1,3,3,3,3,3,0,3,3,1,0,3,3,3,3,1,3,3,0,3,2,3,0,1,-1,3,0,3,1,1,3,3,1,3,3,3,3,0,3,1,3,3,3,2,3,3,3,3,3,3,0,1,1
"Switzerland",0,3,0,3,1,3,3,3,2,3,1,3,1,1,3,3,3,3,0,0,3,3,3,3,3,3,1,0,1,0,2,3,0,0,3,0,3,1,0,0,3,2,3,1,3,3,3,1,3,3,3,1,3,0,0,3,3,1,3,3,3,1,3,3,3,0,3,3,3,0,1,3,3,3,3,3,3,2,3,1,0,3,3,3,3,3,1,3,1,3,3,1,3,3,3,1,3,0,0,3,3,3,3,1,1,3,1,0,3,1,1,3,3,3,3,3,0,3,3,1,1,3,0,1,3,3,3,0,0,0,3,3,1,1,1,3,3,1,3,3,3,3,3,3,3,0,1,3,3,1,3,3,0,1,3,1,0,3,3,3,3,1,3,3,0,3,2,3,0,1,3,-1,0,3,1,1,3,3,1,3,3,3,3,0,3,1,3,3,3,2,3,3,3,3,3,1,0,1,1
"Syria",0,0,0,0,0,0,0,0,0,0,0,0,0,1,0,0,0,0,0,0,1,0,0,0,0,0,0,0,1,0,0,1,0,0,0,0,0,1,0,0,0,2,0,1,0,0,0,1,3,0,3,0,0,0,0,0,0,1,0,0,0,1,0,0,0,0,0,0,0,0,1,0,3,0,0,0,0,0,0,3,0,0,0,0,0,0,0,0,0,0,0,0,0,0,0,1,1,0,0,0,0,0,1,1,0,3,1,0,0,0,0,0,0,3,0,0,0,0,0,1,0,0,0,0,0,0,0,0,0,0,0,0,0,0,1,3,0,0,0,0,0,0,0,1,0,0,1,0,0,1,0,0,0,0,0,1,0,0,0,0,0,1,0,0,0,0,0,0,3,0,0,0,-1,0,0,0,0,1,1,0,0,0,1,0,1,1,0,0,0,0,0,0,0,0,0,0,1,0,0
"Taiwan",0,3,0,3,0,3,0,1,2,3,0,0,0,1,3,0,3,3,0,0,1,3,0,0,1,3,1,0,1,0,2,1,0,0,3,1,3,1,0,0,3,2,3,1,3,3,3,1,3,3,3,1,0,0,0,3,3,1,3,3,3,1,3,0,3,0,3,0,3,0,1,0,3,3,0,3,3,2,3,1,0,3,3,3,1,3,1,0,1,3,3,0,0,1,3,0,1,0,0,3,3,3,3,1,1,3,1,0,3,3,1,1,0,3,0,3,0,3,0,1,1,0,1,1,3,3,3,0,0,0,3,3,1,0,1,3,3,1,3,3,2,3,3,1,3,0,1,3,3,1,3,0,0,0,0,1,0,3,3,3,1,1,0,3,0,3,2,3,0,1,3,3,0,-1,0,1,1,1,1,0,0,0,1,0,3,1,0,0,3,2,3,0,3,3,0,0,0,0,0
"Tajikistan",0,0,0,0,0,3,0,3,0,0,3,0,0,1,3,3,0,0,0,0,1,0,0,0,0,0,0,0,1,0,0,1,0,0,0,0,0,1,0,0,0,2,0,1,0,0,0,1,3,0,3,0,0,0,0,0,0,1,0,0,0,1,0,3,0,0,0,0,0,0,1,0,3,0,0,0,0,2,3,1,0,0,0,0,1,0,1,3,0,0,0,0,3,1,0,1,1,0,0,0,0,0,1,1,0,3,1,0,0,1,1,1,0,3,3,0,0,0,0,1,0,3,0,1,0,0,1,0,0,0,0,0,0,1,1,3,0,0,0,0,3,0,0,1,0,3,1,0,0,1,0,0,0,0,0,1,0,0,0,0,0,1,0,0,0,0,2,3,0,1,0,0,0,0,-1,0,0,1,1,0,0,0,3,0,1,1,3,0,0,0,0,3,0,0,0,0,0,0,1
"Tanzania",0,0,0,0,0,3,0,0,0,0,0,3,0,3,3,0,0,3,3,0,1,0,3,0,0,0,0,3,1,0,0,1,0,0,0,0,0,1,0,1,0,2,0,1,0,0,0,1,3,0,3,0,0,0,0,0,3,1,3,0,0,1,3,0,0,1,0,3,0,3,1,0,3,0,3,0,0,2,3,1,0,0,0,0,3,0,0,0,3,0,0,0,0,1,0,0,3,0,0,0,0,0,3,1,3,3,1,0,0,0,1,3,0,3,0,0,0,0,0,3,0,3,0,1,0,0,1,0,0,0,0,0,0,1,1,0,0,0,0,0,3,0,0,1,0,0,3,3,3,1,0,0,0,1,0,1,0,3,0,0,0,1,3,0,1,0,2,3,0,1,0,0,0,0,0,-1,0,1,1,0,0,0,0,0,1,3,0,0,0,0,0,0,3,0,0,0,0,3,3
"Thailand",0,3,0,0,0,0,3,1,0,0,1,0,1,0,0,0,0,0,0,0,1,0,0,3,3,0,0,0,3,0,0,1,0,0,3,0,0,1,0,0,0,2,0,1,0,0,0,1,3,3,3,0,0,0,0,0,0,1,3,0,0,1,0,3,0,0,0,0,0,0,1,0,3,0,3,0,0,2,3,1,0,0,0,0,0,3,1,0,1,0,0,0,1,3,0,0,1,0,0,0,0,0,3,1,1,3,1,0,0,1,1,1,0,3,0,0,3,0,0,1,3,0,0,1,0,0,1,0,0,0,0,0,1,0,1,3,3,1,0,3,3,0,0,3,0,3,1,0,1,1,0,0,0,1,0,1,0,3,0,0,1,1,3,3,0,0,2,3,0,1,0,0,0,3,1,1,-1,1,1,0,0,0,3,0,1,1,0,0,0,0,0,1,3,0,0,3,0,1,0
"Timor-Leste",0,0,0,3,1,0,0,1,0,3,0,0,0,1,3,0,3,0,0,0,1,3,0,0,0,3,0,0,1,0,0,1,0,0,0,0,0,1,0,0,0,2,3,1,3,3,3,1,3,0,3,1,0,0,0,3,3,1,0,3,3,1,3,0,3,0,3,0,0,0,1,0,3,0,3,3,3,2,3,1,0,0,0,3,0,0,1,0,1,0,3,0,0,1,3,0,1,0,0,3,3,3,1,1,1,3,1,0,3,0,1,1,0,3,3,3,0,3,0,1,0,0,0,1,3,0,0,0,0,0,0,3,0,0,1,3,0,0,0,0,0,3,3,1,3,0,1,0,1,1,3,3,0,0,0,1,0,3,3,3,0,1,0,0,0,3,2,3,0,1,3,3,0,0,0,1,0,-1,1,0,0,0,1,0,1,1,0,0,3,0,0,0,0,3,0,1,0,0,0
"Togo",0,0,0,0,0,0,0,0,0,0,0,0,0,1,0,0,0,0,3,0,1,0,0,0,0,0,3,0,1,0,0,3,0,3,0,0,0,1,1,0,0,3,0,1,0,0,0,1,3,0,3,0,0,0,0,0,0,1,0,0,0,1,3,0,0,3,0,0,0,3,3,0,3,0,0,0,0,0,3,1,0,0,0,0,0,0,0,0,1,0,0,0,0,1,0,0,1,3,0,0,0,0,1,1,0,3,1,3,0,0,1,1,0,3,0,0,0,0,0,1,0,0,0,1,0,0,1,3,3,0,0,0,0,0,1,0,0,0,0,0,3,0,0,1,0,0,1,0,1,1,0,0,0,3,0,1,3,3,0,0,0,1,0,0,0,0,2,3,0,1,0,0,0,0,0,1,0,1,-1,0,0,0,0,0,1,1,0,0,0,0,0,0,0,0,0,0,0,0,0
"Tonga",0,0,0,3,0,0,0,1,0,3,0,3,0,3,3,0,3,3,0,0,1,3,3,0,0,3,0,0,1,0,0,1,0,0,3,3,0,1,0,0,3,2,3,1,3,3,3,1,3,3,3,1,0,0,0,3,3,1,3,3,3,1,3,0,3,0,3,3,0,0,1,0,3,0,3,3,3,2,3,1,0,3,3,3,3,0,1,0,3,3,3,0,0,0,3,0,3,0,0,3,3,3,1,1,1,3,1,0,3,1,1,3,0,3,3,3,0,0,0,1,0,0,1,1,3,0,1,0,0,0,0,3,0,3,1,3,3,1,0,3,0,3,3,1,3,0,1,3,3,1,3,0,0,0,0,1,0,3,3,3,1,1,0,3,0,3,2,3,0,1,3,3,0,0,0,3,0,1,1,-1,3,0,0,0,1,3,0,0,3,0,0,1,3,3,0,0,0,3,3
"Trinidad and Tobago",0,3,0,3,0,3,3,1,0,3,1,3,0,1,3,0,3,3,0,0,1,3,3,3,0,3,0,0,1,0,0,1,0,0,3,0,3,1,0,0,3,2,3,1,3,3,3,1,3,3,3,1,3,0,0,3,3,1,3,3,3,1,3,0,3,3,3,3,3,0,1,3,3,3,3,3,3,2,3,1,0,3,3,3,3,0,1,0,3,3,3,0,0,1,3,0,3,0,0,3,3,3,1,1,3,3,1,0,3,0,1,3,3,3,3,3,0,3,0,1,0,0,0,1,3,0,3,0,0,0,0,3,0,3,1,3,3,0,0,3,3,3,3,1,3,0,1,3,3,1,3,0,0,1,3,1,0,3,3,3,1,1,3,3,0,3,2,3,0,3,3,3,0,0,0,3,0,1,1,0,-1,0,3,0,1,1,0,0,3,0,3,1,3,3,3,0,0,3,3
"Tunisia",0,0,3,0,0,0,0,0,0,0,0,0,0,1,3,0,0,3,3,0,1,0,0,3,0,0,1,0,1,0,0,1,0,0,0,0,0,1,0,0,0,3,0,1,0,0,0,1,3,0,3,0,0,0,0,0,0,1,3,0,0,3,0,0,0,1,0,0,0,3,1,0,3,0,3,0,0,0,3,1,0,0,0,0,0,3,1,0,1,3,0,0,0,1,0,1,1,0,3,0,0,0,1,1,0,3,1,3,0,0,3,3,0,3,0,0,0,0,3,1,0,0,0,1,0,0,1,3,0,0,0,0,0,1,1,3,0,0,0,0,3,0,0,1,0,0,1,0,0,1,0,0,0,3,3,1,0,0,0,0,0,1,0,3,0,0,2,3,0,1,0,0,3,0,1,1,0,1,1,0,0,-1,3,0,1,1,0,0,0,0,0,1,3,0,0,0,0,0,0
"Turkey",0,3,0,0,0,3,3,1,0,0,1,3,1,1,3,3,0,3,0,0,3,3,3,3,3,0,0,0,1,0,0,1,0,0,3,0,3,1,0,0,3,2,0,1,0,0,0,1,3,3,3,0,3,0,0,0,3,1,3,0,0,1,3,3,0,0,0,0,3,0,1,0,3,3,3,0,0,0,3,3,3,0,0,0,3,3,3,3,1,0,3,1,3,1,0,1,1,0,1,0,0,0,3,1,0,3,1,0,0,1,1,3,2,3,3,0,3,3,3,1,1,0,0,1,0,0,3,0,0,0,3,0,1,1,1,3,3,0,3,3,3,0,0,3,0,0,1,3,3,1,0,3,0,1,3,1,0,3,0,0,0,1,3,3,0,0,2,3,1,1,0,0,0,1,1,1,3,1,1,1,3,3,-1,0,1,1,3,0,0,0,3,3,3,0,3,0,0,1,1
"Turkmenistan",0,0,0,0,0,3,0,1,0,0,1,0,0,1,3,0,0,0,0,0,1,0,0,0,0,0,0,0,1,0,0,1,0,0,0,0,0,1,0,0,0,2,0,1,0,0,0,1,3,0,3,0,0,0,0,0,0,1,0,0,0,1,3,3,0,0,0,0,0,0,1,0,3,0,0,0,0,0,3,1,0,0,0,0,1,0,1,0,1,0,0,0,0,1,0,1,1,0,0,0,0,0,1,1,0,3,1,0,0,1,1,1,0,3,0,0,0,0,0,1,0,3,0,1,0,0,1,0,0,0,0,0,0,0,1,3,0,0,0,0,3,0,0,1,0,0,1,0,0,1,0,0,0,0,0,1,0,0,0,0,0,1,0,0,0,0,2,3,0,0,0,0,0,0,1,0,0,1,1,0,0,0,3,-1,1,1,0,0,0,0,0,0,0,0,0,0,0,0,1
"Tuvalu",0,0,0,3,0,3,0,1,0,3,0,3,0,1,3,0,3,3,0,0,1,3,3,0,0,3,0,0,1,0,0,1,0,0,0,0,0,1,0,0,3,2,3,1,3,3,3,1,3,3,3,1,3,0,0,3,3,1,3,3,3,1,3,0,3,0,3,3,3,0,1,0,3,3,3,3,3,2,3,1,0,3,0,3,3,0,1,0,3,3,3,0,0,1,3,0,3,0,0,3,3,3,1,1,3,3,1,0,3,1,1,3,0,3,0,3,0,0,0,1,0,0,1,1,3,0,3,0,0,0,0,3,0,0,1,3,3,1,0,3,1,3,3,1,3,0,1,3,3,1,3,0,0,1,0,1,0,3,3,3,1,1,0,3,0,3,2,3,0,1,3,3,0,3,0,3,0,1,1,1,3,0,1,0,-1,1,0,0,3,0,0,0,3,3,0,0,0,3,3
"Uganda",0,0,0,0,0,3,0,0,0,0,0,3,0,1,3,0,0,3,3,0,1,0,3,0,0,0,0,3,1,0,0,1,0,0,0,0,0,1,0,0,0,2,0,1,0,0,0,1,3,0,3,0,0,0,3,0,3,1,3,0,0,1,3,0,0,1,0,3,0,0,1,0,3,0,3,0,0,2,3,1,0,0,0,0,3,0,0,0,3,0,0,0,0,1,0,0,3,0,0,0,0,0,1,1,3,3,1,0,0,0,1,3,0,3,0,0,0,0,0,1,1,0,0,1,0,0,1,0,0,0,0,0,0,0,1,0,0,0,0,0,3,0,0,1,0,0,3,3,1,1,0,0,0,1,0,1,1,3,0,0,0,1,0,0,1,0,0,3,0,1,0,0,0,0,0,3,0,1,1,0,0,0,0,0,1,-1,0,0,0,0,0,0,3,0,0,0,0,3,3
"Ukraine",0,3,0,3,0,3,3,3,0,3,3,0,0,1,3,3,3,0,0,0,1,3,0,3,3,3,0,0,1,0,0,1,0,0,3,0,0,1,0,0,3,2,3,1,3,3,3,1,3,3,3,1,3,0,0,3,3,1,3,3,3,1,0,3,3,0,3,0,3,0,1,0,3,3,3,3,3,2,3,1,0,0,3,3,3,0,1,3,1,0,0,1,3,1,3,1,1,0,0,3,3,3,1,1,0,3,1,0,3,1,1,3,2,3,3,3,3,3,0,1,1,3,0,1,3,0,3,0,0,0,3,3,1,0,1,3,3,0,3,3,0,3,3,3,3,3,1,3,0,1,3,0,0,1,3,1,0,0,3,3,0,1,0,0,0,3,2,3,0,1,3,3,0,0,3,1,3,1,1,1,0,0,3,0,1,1,-1,3,0,0,3,3,3,3,0,0,0,1,1
"United Arab Emirates",0,3,0,3,1,3,3,3,1,3,1,3,3,1,3,3,3,0,0,0,1,3,3,3,3,3,3,1,1,0,2,1,0,3,3,3,3,1,1,1,3,1,3,1,3,3,3,1,3,3,3,3,3,0,0,3,3,1,3,3,3,1,3,3,3,0,3,3,3,1,1,1,3,3,3,3,3,2,3,1,0,3,0,3,0,3,3,3,1,0,3,3,3,1,3,3,1,1,0,3,3,3,1,1,1,3,1,3,3,1,1,3,3,3,3,3,3,3,3,1,0,0,3,1,3,3,3,1,0,0,3,3,3,1,1,3,3,0,1,0,3,3,3,3,3,3,1,3,3,1,3,3,3,1,3,3,1,3,3,3,3,1,0,3,3,3,1,3,3,1,3,3,3,1,1,1,3,1,1,3,0,3,1,0,1,1,3,-1,2,0,3,3,3,3,0,1,1,1,1
"United Kingdom",0,3,0,3,1,3,3,3,2,3,1,3,1,1,3,3,3,3,0,0,3,3,3,3,3,3,1,0,1,0,2,3,0,0,3,0,3,1,0,0,3,2,3,1,3,3,3,1,3,3,3,1,3,0,0,3,3,1,3,3,3,1,3,3,3,0,3,3,3,0,1,3,3,3,3,3,3,2,3,0,0,3,3,3,3,3,1,3,1,3,3,1,3,1,3,1,3,0,0,3,3,3,3,1,1,3,1,0,3,3,1,3,3,3,3,3,0,3,3,1,1,3,0,1,3,3,3,0,0,0,3,3,1,0,1,3,3,1,3,3,3,3,3,3,3,0,1,3,3,1,3,3,0,3,3,1,0,3,3,3,1,1,3,3,0,3,2,3,0,1,3,3,0,3,1,1,3,1,1,1,3,3,1,0,1,1,3,3,-1,2,3,3,3,3,3,3,0,1,1
"United States",0,3,0,3,1,3,3,3,2,3,1,3,1,1,3,3,3,3,0,0,1,3,3,0,3,3,1,0,1,0,3,1,3,0,3,0,3,1,0,0,3,2,3,1,3,3,3,1,3,3,3,1,3,3,0,3,3,1,3,3,3,1,1,3,3,0,3,3,3,0,1,3,3,3,3,3,3,2,3,0,0,3,3,3,3,3,1,3,1,3,3,1,3,1,3,1,3,0,0,3,3,3,3,1,1,3,1,0,3,3,1,3,3,3,3,3,3,3,3,1,1,3,0,1,3,3,3,0,0,0,3,3,1,0,3,3,3,1,1,3,3,3,3,3,3,0,1,3,3,1,3,3,0,3,3,1,0,3,3,3,1,1,3,3,0,3,2,3,0,1,3,3,0,3,1,1,3,1,1,1,3,3,1,0,1,1,3,3,3,-1,3,1,3,3,0,1,0,1,1
"Uruguay",0,3,0,3,1,0,3,3,0,3,0,3,1,1,3,3,3,3,0,0,3,3,3,3,0,3,0,0,1,0,0,1,0,0,3,0,3,1,0,0,3,2,3,1,3,3,3,1,3,3,3,1,3,0,0,3,3,1,3,3,3,1,0,3,3,0,3,0,3,0,1,3,3,3,3,3,3,2,3,1,0,3,3,3,3,3,1,0,1,0,3,0,0,1,3,0,1,0,0,3,3,3,3,1,1,3,1,0,3,1,1,1,3,3,3,3,3,3,0,1,1,0,0,1,3,3,3,0,0,0,3,3,1,0,1,3,3,1,3,3,3,3,3,3,3,3,1,3,3,1,3,0,0,0,3,1,0,3,3,3,0,1,3,3,0,3,2,3,0,1,3,3,0,0,0,1,0,1,1,0,3,0,3,0,1,1,3,3,3,0,-1,1,3,3,3,1,0,1,1
"Uzbekistan",0,0,0,0,0,3,0,3,0,0,3,0,0,0,3,3,0,0,0,0,1,0,0,0,0,0,0,0,1,0,0,1,0,0,0,0,0,1,0,0,0,2,0,1,0,0,0,1,3,0,3,0,0,0,0,0,0,1,0,0,0,1,0,3,0,0,0,0,0,0,1,0,3,0,0,0,0,2,3,1,0,0,0,0,1,0,1,3,1,0,0,0,3,1,0,1,1,0,0,0,0,0,1,1,0,3,1,0,0,0,1,1,0,3,3,0,0,0,0,1,1,3,0,1,0,0,1,0,0,0,0,0,0,0,1,3,0,0,0,0,3,0,0,1,0,3,1,0,0,1,0,0,0,0,0,1,0,0,0,0,0,1,0,0,0,0,2,3,0,1,0,0,0,0,3,0,1,1,1,0,0,0,3,0,1,1,3,0,0,0,0,-1,0,0,0,0,0,0,1
"Vanuatu",0,0,0,3,0,3,0,1,0,3,0,3,0,1,3,3,3,3,0,0,1,3,3,0,0,3,0,0,1,0,0,1,0,0,0,0,0,1,0,0,3,2,3,1,3,3,3,1,3,3,3,1,3,0,0,3,3,1,3,3,3,1,3,0,3,0,3,3,3,0,1,0,3,3,3,3,3,2,3,1,0,3,3,3,3,0,0,0,3,3,3,0,0,1,3,0,3,0,0,3,3,3,1,1,1,3,1,0,3,1,1,3,0,3,3,3,0,3,0,1,0,0,1,1,3,0,3,0,0,0,0,3,0,0,1,3,3,1,0,3,3,3,3,1,3,3,1,3,3,1,3,0,0,0,0,1,0,3,3,3,1,1,0,0,0,3,2,3,0,1,3,3,0,0,0,3,1,1,1,1,3,0,1,0,1,3,0,0,3,0,0,1,-1,3,0,1,0,3,3
"Vatican",0,3,0,3,1,3,3,3,2,3,1,3,1,1,3,3,3,3,0,0,3,3,3,3,0,3,0,0,1,0,2,3,0,0,3,0,3,1,0,0,3,2,3,1,3,3,3,1,3,3,3,1,3,0,0,3,3,1,3,3,3,1,3,3,3,0,3,3,3,0,1,0,3,3,3,3,3,2,3,1,0,3,3,3,0,0,1,0,1,0,3,1,3,1,3,0,1,0,0,3,3,3,1,1,1,3,1,0,3,1,1,3,0,3,3,3,0,3,0,1,0,0,0,1,3,3,3,0,0,0,3,3,1,0,1,3,3,1,0,3,3,3,3,3,3,0,1,3,0,1,3,3,0,1,3,1,0,3,3,3,0,1,0,3,0,3,2,3,0,1,3,3,0,3,1,1,0,1,1,0,0,3,3,0,1,1,3,3,3,0,3,3,3,-1,0,0,0,1,1
"Venezuela",0,3,0,3,1,3,3,1,0,3,0,3,1,1,3,3,3,3,0,0,3,3,3,3,0,3,1,0,1,0,0,1,0,0,3,0,3,1,0,0,3,2,3,1,3,3,3,1,3,3,3,1,0,0,0,3,0,1,3,3,3,1,3,0,3,0,3,3,0,0,1,0,3,0,3,3,3,2,3,3,0,0,0,3,3,0,1,0,1,0,3,0,1,1,3,1,1,0,0,3,3,3,1,1,1,3,1,0,3,0,1,1,3,3,3,3,0,3,0,1,1,0,0,1,3,0,3,0,0,0,3,3,1,0,1,3,0,0,3,3,3,3,3,3,3,3,1,3,0,1,3,0,0,0,0,1,0,3,3,3,0,1,3,3,0,3,2,3,0,1,3,3,0,0,1,1,0,1,1,0,3,0,3,0,1,1,0,0,0,0,3,1,0,3,-1,1,0,1,1
"Viet Nam",0,0,0,0,0,0,0,0,0,0,1,0,0,0,0,0,0,0,0,0,1,0,0,0,3,0,0,0,3,0,0,1,0,0,3,0,0,1,0,0,0,2,0,1,0,0,0,1,3,0,3,0,0,0,0,0,0,1,0,0,0,1,0,0,0,0,0,0,0,0,1,0,3,0,0,0,0,2,3,1,0,0,0,0,0,0,0,0,1,0,0,1,3,3,0,0,1,0,0,0,0,0,0,1,1,3,1,0,0,1,1,1,0,3,0,0,0,0,0,1,3,0,0,1,0,0,0,0,0,0,0,0,0,0,1,3,3,0,0,0,3,0,0,1,0,0,1,0,1,1,0,0,0,0,0,1,0,3,0,0,0,1,0,0,0,0,2,3,0,1,0,0,0,0,1,1,3,1,1,0,0,0,0,0,1,1,0,0,0,0,0,1,0,0,0,-1,0,1,0
"Yemen",0,0,0,0,0,0,0,0,0,0,0,0,0,0,0,0,0,0,0,0,1,0,0,0,0,0,0,0,1,0,0,1,0,0,0,0,0,1,0,0,0,2,0,1,0,0,0,1,3,0,3,0,0,0,0,0,0,1,0,0,0,1,0,0,0,0,0,0,0,0,1,0,3,0,0,0,0,0,0,0,0,0,0,0,0,0,0,0,0,0,0,0,0,1,0,1,1,0,0,0,0,0,1,1,0,3,1,0,0,0,1,0,0,3,0,0,0,0,0,1,0,0,0,1,0,0,0,0,0,0,0,0,0,0,1,3,0,0,0,0,0,0,0,1,0,0,1,0,0,1,0,0,0,0,0,1,0,0,0,0,0,1,0,0,0,0,2,3,3,0,0,0,3,0,1,0,0,1,1,0,0,0,0,0,1,1,0,0,0,0,0,0,0,0,0,0,-1,0,0
"Zambia",0,0,0,0,3,3,0,0,0,0,0,3,0,3,3,0,0,3,3,0,1,0,3,0,0,0,0,0,1,0,0,1,0,0,0,0,0,1,0,0,0,2,0,1,0,0,0,1,3,0,3,0,0,0,0,0,3,1,3,0,0,1,3,0,0,1,0,3,0,0,1,0,3,0,3,0,0,2,3,1,0,0,0,0,3,0,0,0,3,3,0,0,0,0,0,0,3,0,0,0,0,0,1,1,3,3,1,0,0,0,1,3,0,3,0,0,0,0,0,3,0,3,0,1,0,0,1,0,0,0,0,0,0,1,1,0,0,0,0,0,3,0,0,1,0,0,1,3,3,1,0,0,0,1,0,1,0,3,0,0,0,1,3,0,0,0,2,3,0,1,0,0,0,0,0,3,0,1,1,0,3,0,1,0,1,3,0,0,0,0,0,0,3,0,0,0,0,-1,3
"Zimbabwe",0,0,0,0,3,0,0,0,0,0,0,3,0,1,3,0,0,3,3,0,1,0,3,0,0,0,0,0,1,0,0,1,0,0,0,0,0,1,0,3,0,2,0,1,0,0,0,1,3,0,3,0,0,0,0,0,3,1,3,0,0,1,3,0,0,3,0,0,0,0,1,0,3,0,3,0,0,2,3,1,0,0,0,0,0,0,1,0,3,3,0,0,0,0,0,0,3,0,0,0,0,0,1,1,3,3,1,0,0,0,1,3,0,3,0,0,0,0,0,3,0,3,0,0,0,0,1,0,0,0,0,0,0,0,1,3,0,0,0,0,3,0,0,1,0,0,1,3,1,1,0,0,0,1,0,1,0,3,0,0,0,1,3,0,0,0,2,3,0,1,0,0,0,0,0,3,0,1,1,0,3,0,0,0,1,3,0,0,0,0,0,0,3,0,0,0,0,3,-1
